h,k,l,intensity_exp,error
-10,-4,-10,30.81697811960947,0
-10,-4,-8,74.5435234779759,0
-10,-4,-6,37.62710404307118,0
-10,-3,-9,39.57422908091911,0
-10,-3,-7,32.24829208822982,0
-10,-3,-5,85.73803368499809,0
-10,-2,-10,36.645148999878934,0
-10,-2,-8,64.50667700049236,0
-10,-2,-6,31.844657405879698,0
-10,-2,-4,48.503965475251974,0
-10,-2,-2,42.229945752334174,0
-10,-1,-9,25.285866267010622,0
-10,-1,-7,37.23357714252845,0
-10,-1,-5,162.58682260922097,0
-10,-1,-3,108.52339987841314,0
-10,0,-10,48.274172087855526,0
-10,0,-8,73.87514112463236,0
-10,0,-6,87.19701377849208,0
-10,0,-4,81.83145203176609,0
-10,0,-2,51.04723940005491,0
-10,0,2,86.68565495419556,0
-10,0,10,23.7697096930296,0
-10,1,-9,48.86969435573384,0
-10,1,-7,76.53894710727087,0
-10,1,-5,120.54798578400903,0
-10,1,-3,94.79831652145575,0
-10,1,-1,85.63427631720221,0
-10,1,1,59.84352138696032,0
-10,1,3,119.18252133396757,0
-10,2,-10,84.4322003773604,0
-10,2,-8,58.32212687333826,0
-10,2,-6,100.52576552541875,0
-10,2,-4,126.5976272593858,0
-10,2,-2,42.15942031830846,0
-10,2,2,50.1167846380391,0
-10,2,4,82.04028785639228,0
-10,2,6,26.076648899706168,0
-10,3,-9,41.15673365957479,0
-10,3,-7,20.73990431367409,0
-10,3,-5,76.63406098193634,0
-10,3,-3,56.434223030697744,0
-10,3,-1,108.1368710340175,0
-10,3,1,12.030557918310894,0
-10,3,3,54.181281665043414,0
-10,3,5,48.055919346361094,0
-10,3,7,57.38479641216721,0
-10,4,-10,60.92730258258342,0
-10,4,-6,21.036883307822,0
-10,4,-4,25.855682423962,0
-10,4,-2,42.03072034314431,0
-10,4,0,82.30423408642262,0
-10,4,2,21.7790197377038,0
-10,4,4,8.972418870423033,0
-10,4,6,5.245888172539157,0
-10,4,8,50.204071582114594,0
-10,4,10,22.62295299882504,0
-9,-4,-9,31.59185311292316,0
-9,-4,-7,49.07902635666782,0
-9,-3,-10,22.373077484769432,0
-9,-3,-8,106.74800434611808,0
-9,-3,-6,103.13932311370327,0
-9,-3,-4,63.115914397767924,0
-9,-3,10,116.79130998056895,0
-9,-2,-9,70.14295290107599,0
-9,-2,-5,67.5133411128129,0
-9,-2,-3,229.01881076974928,0
-9,-2,-1,114.06156395777413,0
-9,-2,9,62.33671705875775,0
-9,-1,-6,221.03389478084196,0
-9,-1,-4,29.823110206186,0
-9,-1,-2,188.4903596536154,0
-9,-1,0,187.5809182734859,0
-9,-1,8,63.49461046541498,0
-9,-1,10,126.24185967158623,0
-9,0,-9,36.52376078631962,0
-9,0,-7,200.76728548425058,0
-9,0,-5,83.51182025262376,0
-9,0,-3,288.9821896110267,0
-9,0,-1,5.529927188578276e-10,0
-9,0,1,43.271806367862524,0
-9,0,3,87.55563989883304,0
-9,0,9,49.396025280848086,0
-9,1,-10,211.7888841766205,0
-9,1,-6,141.5464125549018,0
-9,1,-4,71.37502274371484,0
-9,1,-2,277.65037822908494,0
-9,1,0,190.4049141110678,0
-9,1,2,279.5198716364104,0
-9,1,4,14.312382766295954,0
-9,2,-9,19.20263479431539,0
-9,2,-5,184.60580264663022,0
-9,2,-3,348.67591802732017,0
-9,2,-1,27.520060145508648,0
-9,2,1,37.45006377696574,0
-9,2,3,98.17016410502835,0
-9,2,5,185.36893387383847,0
-9,2,7,34.801512192652844,0
-9,3,-10,181.83027106306346,0
-9,3,-8,147.87827849370933,0
-9,3,-6,148.03029515792016,0
-9,3,-2,114.01649849685191,0
-9,3,0,149.79938319796577,0
-9,3,2,164.6068167568113,0
-9,3,4,28.55570084803887,0
-9,3,6,38.724010290947774,0
-9,3,8,25.21125203775151,0
-9,4,-9,60.07738949896213,0
-9,4,-7,51.33121372170733,0
-9,4,-5,43.21904498497262,0
-9,4,-3,180.19448070647627,0
-9,4,-1,19.878604939205704,0
-9,4,1,73.52639252220177,0
-9,4,3,53.46593388354526,0
-9,4,5,44.704580707233966,0
-9,4,7,58.54004743131214,0
-9,4,9,27.298528544166498,0
-8,-4,-8,127.64964992130275,0
-8,-4,-6,59.65158345846651,0
-8,-4,-4,34.23663977426214,0
-8,-3,-9,129.24760668879864,0
-8,-3,-5,388.6599522762611,0
-8,-3,9,16.27478796013402,0
-8,-2,-10,175.8330170613953,0
-8,-2,-8,195.97378955395143,0
-8,-2,-2,101.64163270230333,0
-8,-2,0,619.7070096782035,0
-8,-2,8,253.10317215228847,0
-8,-2,10,34.1832908355515,0
-8,-1,-9,54.18550760734729,0
-8,-1,-5,240.77139407322449,0
-8,-1,-3,262.955065808907,0
-8,-1,-1,395.12875519768556,0
-8,-1,1,207.84600184209995,0
-8,-1,7,101.93759777154132,0
-8,-1,9,44.73190028139274,0
-8,0,-10,86.73019096857065,0
-8,0,-8,270.7613914777307,0
-8,0,-6,215.01038331319586,0
-8,0,-2,169.53662465366972,0
-8,0,0,793.1585514892454,0
-8,0,2,60.998841690271156,0
-8,0,4,177.6279165096959,0
-8,0,10,57.88507919053964,0
-8,1,-9,169.7130278887734,0
-8,1,-7,126.50331440335658,0
-8,1,-5,376.5779063951362,0
-8,1,-3,319.64146420011224,0
-8,1,1,149.98163846384094,0
-8,1,3,199.2731500742629,0
-8,1,5,199.88783885239644,0
-8,1,7,142.25234397714175,0
-8,1,9,41.34691805845967,0
-8,2,-10,156.54178432907148,0
-8,2,-8,256.33741935227675,0
-8,2,-6,128.31470048218154,0
-8,2,-4,302.12205190219134,0
-8,2,-2,135.6871837928161,0
-8,2,0,95.90626821378856,0
-8,2,2,98.67909048758027,0
-8,2,4,59.51671709478228,0
-8,2,6,15.55421975436713,0
-8,2,8,140.5520070963498,0
-8,3,-9,33.08390931968067,0
-8,3,-7,90.40196037020691,0
-8,3,-5,146.64761701493006,0
-8,3,-3,286.058562932541,0
-8,3,-1,217.32706181368815,0
-8,3,1,92.8683095679999,0
-8,3,3,211.808082004311,0
-8,3,7,131.79508575080567,0
-8,3,9,29.743846602804496,0
-8,4,-10,37.90529867657131,0
-8,4,-8,48.13337678785219,0
-8,4,-6,82.62385483689044,0
-8,4,-4,119.69647325092971,0
-8,4,-2,119.42030858909067,0
-8,4,0,129.241830537113,0
-8,4,2,35.43463093196734,0
-8,4,4,54.4063101850368,0
-8,4,6,21.809494997411022,0
-8,4,8,15.8429656804967,0
-8,4,10,33.07709443575515,0
-7,-4,-9,66.22828523463204,0
-7,-4,-3,194.8108761010331,0
-7,-4,7,87.35083700405838,0
-7,-4,9,61.62070886536106,0
-7,-3,-4,34.835177917330455,0
-7,-3,-2,326.5437661754125,0
-7,-3,6,245.9196637957759,0
-7,-3,8,66.34847601251394,0
-7,-3,10,145.1365494456687,0
-7,-2,-7,371.24952837315595,0
-7,-2,-3,373.67276577918364,0
-7,-2,-1,222.00264978236333,0
-7,-2,7,114.97359335495601,0
-7,-1,-8,220.67084735842388,0
-7,-1,-4,107.39951117995983,0
-7,-1,0,490.22349370795223,0
-7,-1,6,267.6006244555917,0
-7,-1,8,136.31353561345068,0
-7,0,-9,75.9863700057318,0
-7,0,-7,281.019928700427,0
-7,0,-5,947.3026905712696,0
-7,0,-3,437.52208123887397,0
-7,0,-1,362.2854234171863,0
-7,0,1,492.6625843929336,0
-7,0,5,351.4400742120089,0
-7,0,7,151.08385627127964,0
-7,0,9,84.62581509144164,0
-7,1,-8,262.51502953213446,0
-7,1,-6,535.6040766113377,0
-7,1,-4,120.771892295491,0
-7,1,-2,861.2535407790158,0
-7,1,0,499.7077295669707,0
-7,1,2,359.2483183779383,0
-7,1,4,88.12568864867984,0
-7,1,6,236.45324516656584,0
-7,1,8,98.21326668203828,0
-7,1,10,79.27092005442199,0
-7,2,-9,79.99537746981488,0
-7,2,-7,260.81339222317405,0
-7,2,-5,467.8221167780391,0
-7,2,-3,252.57310479353782,0
-7,2,-1,213.6138982020955,0
-7,2,1,113.96176661891194,0
-7,2,3,317.4625537464687,0
-7,2,5,294.4389406010882,0
-7,2,7,104.4489326026125,0
-7,2,9,69.1628643979415,0
-7,3,-10,399.767549815532,0
-7,3,-6,436.56657823802743,0
-7,3,-4,56.49010133386766,0
-7,3,-2,453.2256298647802,0
-7,3,0,177.9846388971212,0
-7,3,2,335.84671831204724,0
-7,3,4,36.31809848710345,0
-7,3,6,142.94190902717656,0
-7,3,8,73.02849352272844,0
-7,4,-9,73.64916620468594,0
-7,4,-7,110.39166246552293,0
-7,4,-5,158.5880785735239,0
-7,4,1,0.13439874803996368,0
-7,4,3,113.46540717378001,0
-7,4,5,172.15637529616217,0
-7,4,7,77.9786632571636,0
-7,4,9,100.54905053957856,0
-6,-4,-10,125.54628584162478,0
-6,-4,-4,170.67929257075593,0
-6,-4,6,79.08882639196698,0
-6,-4,8,273.01678766815826,0
-6,-3,-9,78.35649178678023,0
-6,-3,-7,225.52062970731652,0
-6,-3,-5,475.59631729147463,0
-6,-3,-1,544.9316265595994,0
-6,-3,5,430.94331490414135,0
-6,-3,7,134.15999917205147,0
-6,-3,9,51.50544904851086,0
-6,-2,-10,166.35614702216432,0
-6,-2,-6,162.13119448520698,0
-6,-2,-4,489.139895507818,0
-6,-2,-2,275.48564833197884,0
-6,-2,2,331.6805386642826,0
-6,-2,6,85.54678095899672,0
-6,-2,8,511.116175761507,0
-6,-1,-7,339.15386121026086,0
-6,-1,-5,737.4208098589386,0
-6,-1,-1,552.750021357756,0
-6,-1,1,435.4706574968142,0
-6,-1,3,756.0791905101107,0
-6,-1,5,651.3906503267186,0
-6,-1,7,272.79488876326343,0
-6,-1,9,88.10406053044653,0
-6,0,-10,267.2007305495368,0
-6,0,-8,1140.2765182511498,0
-6,0,-4,631.952494812361,0
-6,0,-2,457.57580646657624,0
-6,0,0,2152.431091811887,0
-6,0,2,447.8604143754822,0
-6,0,4,423.3224647985149,0
-6,0,6,148.37091363753584,0
-6,0,10,227.36051864047596,0
-6,1,-9,207.87145655600457,0
-6,1,-7,539.9536310620986,0
-6,1,-5,1209.3967240121901,0
-6,1,-3,725.1423805243323,0
-6,1,-1,156.44734926455908,0
-6,1,1,521.9161511560492,0
-6,1,3,809.3072356707688,0
-6,1,5,463.23164034161084,0
-6,1,7,189.36747215529132,0
-6,1,9,66.4659314632402,0
-6,2,-10,267.37462972742856,0
-6,2,-8,1689.0816908897198,0
-6,2,-6,377.131796140399,0
-6,2,-2,210.89760530383148,0
-6,2,0,1199.5976622876046,0
-6,2,2,263.14935550896246,0
-6,2,4,375.1534677540523,0
-6,2,6,134.69596241674324,0
-6,2,10,108.90819810538554,0
-6,3,-9,211.34389666029693,0
-6,3,-7,332.803576431814,0
-6,3,-5,530.886546247219,0
-6,3,-3,415.26983769701957,0
-6,3,-1,256.63894632088807,0
-6,3,1,182.63056749535556,0
-6,3,3,181.52795358009658,0
-6,3,5,428.97408183245,0
-6,3,7,188.1039251864889,0
-6,3,9,92.11480945623882,0
-6,4,-8,518.2319723740852,0
-6,4,-6,108.81211690303265,0
-6,4,-4,304.44842603381625,0
-6,4,-2,177.24906319707523,0
-6,4,0,637.3866324484909,0
-6,4,2,177.754586797399,0
-6,4,4,151.45450694875683,0
-6,4,6,76.35258222675363,0
-6,4,8,276.2295390637745,0
-6,4,10,66.01106809376284,0
-5,-4,-9,105.77239139264562,0
-5,-4,-7,184.49326458025052,0
-5,-4,-5,344.3607158043151,0
-5,-4,-1,239.1689639995006,0
-5,-4,5,647.3042041667762,0
-5,-4,7,155.1986875952097,0
-5,-4,9,133.9110973090382,0
-5,-3,-10,642.9420169573475,0
-5,-3,-8,382.26373738637875,0
-5,-3,-4,138.84185786989872,0
-5,-3,-2,980.0150864751784,0
-5,-3,4,86.78908094007426,0
-5,-3,6,664.4963994135552,0
-5,-3,10,446.9915769719348,0
-5,-2,-7,503.39304104358126,0
-5,-2,-5,1022.1532847111832,0
-5,-2,5,968.5285622131521,0
-5,-2,7,313.9753037691434,0
-5,-1,-8,613.3078600115344,0
-5,-1,-6,1324.746911099985,0
-5,-1,-4,260.6918744115582,0
-5,-1,4,104.79138505521543,0
-5,-1,6,445.3110048232651,0
-5,-1,8,330.0539677584857,0
-5,0,-9,278.7132732312785,0
-5,0,-7,752.8792822262385,0
-5,0,-5,2030.991427193711,0
-5,0,-3,1879.2811213741218,0
-5,0,5,870.6387810509605,0
-5,0,7,303.5232045547269,0
-5,0,9,117.99734119281243,0
-5,1,-10,1022.289023907674,0
-5,1,-6,1282.3819997430182,0
-5,1,-4,171.32046886074593,0
-5,1,-2,1706.7207879385562,0
-5,1,0,1287.6644747059925,0
-5,1,6,365.61799295216156,0
-5,1,8,308.0292779588406,0
-5,1,10,424.7725180007734,0
-5,2,-9,223.19848872113158,0
-5,2,-7,577.5436175520305,0
-5,2,-5,1472.1350491596988,0
-5,2,-3,1229.3880831728472,0
-5,2,-1,593.2291412582631,0
-5,2,1,306.7889124877482,0
-5,2,3,758.016798523724,0
-5,2,5,1030.3757376435144,0
-5,2,7,234.77125961503938,0
-5,2,9,115.18115411507448,0
-5,3,-10,675.615072588478,0
-5,3,-8,498.69312061298297,0
-5,3,-4,125.61943322944009,0
-5,3,-2,1212.8910862733426,0
-5,3,2,789.2170513754974,0
-5,3,4,84.1301518033985,0
-5,3,6,300.6158924138124,0
-5,3,8,222.4669942597413,0
-5,3,10,511.4878368374799,0
-5,4,-9,223.01190969380806,0
-5,4,-7,295.8854257283893,0
-5,4,-5,546.1342178808178,0
-5,4,-3,1004.9644370689293,0
-5,4,-1,447.832945356078,0
-5,4,1,390.5540612422742,0
-5,4,3,2.8344354209279017e-11,0
-5,4,5,463.3640081891483,0
-5,4,7,242.9078732477899,0
-5,4,9,124.11901644911943,0
-4,-4,-10,168.12484142522464,0
-4,-4,-6,181.2329416955748,0
-4,-4,-4,664.3617576895991,0
-4,-4,4,490.31844728149457,0
-4,-4,6,120.90614962708511,0
-4,-4,8,491.88591220797014,0
-4,-4,10,127.68535369481769,0
-4,-3,-9,285.23459711853616,0
-4,-3,-7,552.4008460615984,0
-4,-3,-5,1394.2293635228878,0
-4,-3,1,993.5884263637577,0
-4,-3,5,1237.658698756884,0
-4,-3,7,332.2661400982078,0
-4,-3,9,111.49399400544358,0
-4,-2,-10,564.9996979153804,0
-4,-2,-8,2125.4812735767296,0
-4,-2,-6,321.9219780157697,0
-4,-2,-2,1787.5316493589944,0
-4,-2,0,7337.563517714899,0
-4,-2,2,715.1144875724586,0
-4,-2,4,1040.5876241607525,0
-4,-2,8,786.7733157585857,0
-4,-2,10,278.61966480635647,0
-4,-1,-9,423.78192819382963,0
-4,-1,-5,4998.419219785774,0
-4,-1,-3,6909.492205814235,0
-4,-1,-1,1575.050903033812,0
-4,-1,1,1998.582287972993,0
-4,-1,3,2715.2974073984033,0
-4,-1,5,2179.1155822339024,0
-4,-1,9,243.61304656731187,0
-4,0,-10,831.5104130404533,0
-4,0,-8,3369.8846896739337,0
-4,0,-6,649.371046419136,0
-4,0,-4,2190.7780557078963,0
-4,0,-2,1401.0868640496315,0
-4,0,0,11607.96637589143,0
-4,0,2,1732.140429053887,0
-4,0,10,194.47841677049254,0
-4,1,-9,513.8026878394674,0
-4,1,-5,2201.8259576100977,0
-4,1,-3,3005.295492686856,0
-4,1,-1,1890.9466000651196,0
-4,1,1,1636.8300471215048,0
-4,1,3,2668.104887531418,0
-4,1,5,2697.616978605561,0
-4,1,7,928.6744247500434,0
-4,1,9,241.14367044417537,0
-4,2,-10,575.7063447602441,0
-4,2,-6,191.99516795953832,0
-4,2,-4,789.4045073252297,0
-4,2,-2,1092.1328401785813,0
-4,2,0,6537.027200870349,0
-4,2,2,221.24484169426194,0
-4,2,4,919.1215564316612,0
-4,2,6,364.01410257020007,0
-4,2,10,281.928486773211,0
-4,3,-9,351.12065416259844,0
-4,3,-7,696.5434043574885,0
-4,3,-1,152.02043305773338,0
-4,3,1,468.06374554381347,0
-4,3,3,1000.5310949751179,0
-4,3,5,786.4511500700139,0
-4,3,7,463.5383790955119,0
-4,3,9,246.01317297280332,0
-4,4,-10,170.919237690548,0
-4,4,-8,1652.2060650684095,0
-4,4,-6,286.52447114292323,0
-4,4,-4,915.0471554680914,0
-4,4,-2,419.9700482391753,0
-4,4,0,1740.768200396829,0
-4,4,2,490.08817952257635,0
-4,4,4,337.6025051316318,0
-4,4,6,93.96081515859436,0
-4,4,8,836.368913449041,0
-4,4,10,215.4347672264112,0
-3,-4,-7,90.81518308414448,0
-3,-4,-5,1256.5890611027132,0
-3,-4,-1,160.91055597735547,0
-3,-4,1,488.54391494041323,0
-3,-4,3,835.2040074725492,0
-3,-4,9,219.01242865620796,0
-3,-3,-10,1435.249276060773,0
-3,-3,-8,730.8880169568629,0
-3,-3,-4,68.93327495202553,0
-3,-3,-2,1878.4437146543582,0
-3,-3,0,1702.7174724439396,0
-3,-3,2,3433.7432788162664,0
-3,-3,4,101.39703670892212,0
-3,-3,10,582.5991384296786,0
-3,-2,-7,1704.2716947399385,0
-3,-2,-5,4461.741743745392,0
-3,-2,-3,4913.969608049593,0
-3,-2,-1,2012.7060082071023,0
-3,-2,1,1654.767303088243,0
-3,-2,3,3094.8297899337267,0
-3,-2,5,3046.29213647656,0
-3,-2,7,52.02450985100943,0
-3,-1,-8,2329.841631177202,0
-3,-1,-6,3031.476182412535,0
-3,-1,-4,303.55576561462374,0
-3,-1,-2,7983.788728037347,0
-3,-1,0,6180.265171218585,0
-3,-1,2,7519.52552846126,0
-3,-1,4,278.33250337784534,0
-3,-1,6,2258.7965061274217,0
-3,-1,8,1152.3211254474586,0
-3,-1,10,1617.5097329183961,0
-3,0,-9,838.5252658657628,0
-3,0,-7,1638.7801723805223,0
-3,0,-5,3648.8276021440925,0
-3,0,-3,4220.329259903818,0
-3,0,-1,1413.2651318633752,0
-3,0,1,2245.6962490944193,0
-3,0,3,6057.932858708751,0
-3,0,5,4081.4607161185595,0
-3,0,7,1904.311793689502,0
-3,0,9,478.6186449757596,0
-3,1,-10,1411.7451471655395,0
-3,1,-8,933.2323158351353,0
-3,1,-6,3007.724233169403,0
-3,1,-4,281.88917440324013,0
-3,1,-2,7602.856072435008,0
-3,1,0,4984.347972031288,0
-3,1,2,6673.074863665579,0
-3,1,4,299.33946348772474,0
-3,1,6,2812.2813149586223,0
-3,1,8,1857.4442860960794,0
-3,2,-9,146.6487024766363,0
-3,2,-7,602.6816952808845,0
-3,2,-5,2076.1505964817175,0
-3,2,-3,3948.0941486854185,0
-3,2,-1,2151.2572573579364,0
-3,2,1,922.3530695152006,0
-3,2,3,3285.5029901056014,0
-3,2,5,4411.96375816122,0
-3,2,7,1706.3238525004879,0
-3,3,-10,1639.2821646983073,0
-3,3,-8,1265.4297623390516,0
-3,3,0,1524.982010401739,0
-3,3,2,4142.784642031014,0
-3,3,4,325.1551881489849,0
-3,3,6,2963.0938106875064,0
-3,3,8,460.25109121678867,0
-3,3,10,1294.7975211443193,0
-3,4,-9,519.6804181007999,0
-3,4,-7,832.752964641369,0
-3,4,-5,1599.519828382183,0
-3,4,3,874.0701364348345,0
-3,4,5,847.2811222489185,0
-3,4,7,501.02844818571225,0
-3,4,9,247.87357135843425,0
-2,-4,-10,799.7022055079962,0
-2,-4,-6,144.15132270751238,0
-2,-4,-4,505.29747058265707,0
-2,-4,-2,701.5435828880236,0
-2,-4,4,906.2214325603118,0
-2,-4,6,207.3734943261418,0
-2,-3,-7,333.3320952566619,0
-2,-3,-5,2274.344906429352,0
-2,-3,-3,2569.7456805267475,0
-2,-3,-1,1224.258543720601,0
-2,-3,1,893.7624049727193,0
-2,-3,3,2473.5677629135057,0
-2,-3,5,1922.2586679405001,0
-2,-3,7,709.2844692405341,0
-2,-3,9,396.8462708519449,0
-2,-2,-8,4716.840428026504,0
-2,-2,-6,524.9503172333184,0
-2,-2,-4,3941.3548801601655,0
-2,-2,-2,1948.6989821816612,0
-2,-2,0,11255.582705579707,0
-2,-2,2,2004.3636645544811,0
-2,-2,4,2874.1095793278137,0
-2,-2,6,449.92156463273886,0
-2,-2,8,4193.596360574198,0
-2,-2,10,798.618649234428,0
-2,-1,-9,606.2428848022918,0
-2,-1,-7,1716.4448390377593,0
-2,-1,-5,8283.108197213378,0
-2,-1,-3,8695.374162277578,0
-2,-1,-1,3128.021548896344,0
-2,-1,1,3833.329511825798,0
-2,-1,3,7273.617012366567,0
-2,-1,5,3610.061540628036,0
-2,-1,7,1485.8961937020506,0
-2,-1,9,648.5436636347805,0
-2,0,-10,1210.9390016021464,0
-2,0,-8,6650.391198865437,0
-2,0,-6,836.275752564107,0
-2,0,-4,4925.482634438486,0
-2,0,-2,3246.750813650016,0
-2,0,0,22659.433408194443,0
-2,0,2,3123.504695867966,0
-2,0,4,4846.442068326412,0
-2,0,6,729.7814805129749,0
-2,0,8,6732.910000893061,0
-2,0,10,1336.816894407366,0
-2,1,-9,623.9691395800511,0
-2,1,-7,1820.887014723028,0
-2,1,-5,5004.100897873947,0
-2,1,-3,7392.095230206502,0
-2,1,-1,2983.293375207815,0
-2,1,1,3873.972731397362,0
-2,1,3,9077.529781560677,0
-2,1,5,7274.5320530873905,0
-2,1,7,2052.558512389277,0
-2,1,9,869.0898979222134,0
-2,2,-10,373.9847339711711,0
-2,2,-8,3834.3597062255058,0
-2,2,-6,571.0990567654234,0
-2,2,-4,2633.7151459070715,0
-2,2,-2,1991.254849243187,0
-2,2,0,15497.392351275817,0
-2,2,2,2126.3181360606554,0
-2,2,4,3527.3207940551465,0
-2,2,6,805.1577237645954,0
-2,2,8,4399.490934732691,0
-2,2,10,1782.5066839556125,0
-2,3,-7,1093.8205974376895,0
-2,3,-5,2474.394357945508,0
-2,3,-3,2999.931998901034,0
-2,3,-1,1240.9023594762018,0
-2,3,1,1005.2033964857009,0
-2,3,3,3700.4097070956554,0
-2,3,5,3841.58806003083,0
-2,3,7,1778.1853207500185,0
-2,4,-10,622.5119792396314,0
-2,4,-8,3293.402413263146,0
-2,4,-6,593.4014305816276,0
-2,4,0,5819.50735264899,0
-2,4,2,1131.4060532380236,0
-2,4,4,2375.3429630132746,0
-2,4,6,244.10131401665896,0
-2,4,8,1077.0362008566458,0
-2,4,10,456.2291176591449,0
-1,-4,-9,502.71369166603614,0
-1,-4,-7,349.01253313233127,0
-1,-4,-5,825.4640115084555,0
-1,-4,-3,1262.2419610119896,0
-1,-4,-1,1102.6544682563615,0
-1,-4,1,1116.183691263989,0
-1,-4,3,1914.0886685308033,0
-1,-4,5,1678.4636291218392,0
-1,-4,7,519.597871984456,0
-1,-4,9,297.99558192825117,0
-1,-3,-8,557.7685641219296,0
-1,-3,-6,3665.0895731928,0
-1,-3,-4,336.93897694757084,0
-1,-3,-2,5795.1774298378905,0
-1,-3,0,2271.4895094861977,0
-1,-3,2,3913.225548257005,0
-1,-3,4,198.76769959225763,0
-1,-3,6,2034.9660448472148,0
-1,-3,8,1263.9346702528458,0
-1,-2,-9,316.5793704422012,0
-1,-2,-7,1467.442362413221,0
-1,-2,-5,6584.406707292947,0
-1,-2,-3,2705.049350499046,0
-1,-2,-1,2306.6825112829188,0
-1,-2,1,2297.6127686790564,0
-1,-2,3,6133.781609834746,0
-1,-2,5,4228.365960585067,0
-1,-2,7,1003.9752288097716,0
-1,-2,9,457.4905550662379,0
-1,-1,-10,4764.307369598673,0
-1,-1,-8,2324.509151005392,0
-1,-1,-6,7842.0916840367745,0
-1,-1,-4,457.8022155848226,0
-1,-1,-2,13919.38816810084,0
-1,-1,0,8329.930233863828,0
-1,-1,2,13728.629901518661,0
-1,-1,4,425.28663133581335,0
-1,-1,6,3363.7425416686806,0
-1,-1,8,2129.7549308975936,0
-1,-1,10,3801.8359490925113,0
-1,0,-9,741.8538528106893,0
-1,0,-7,1877.29680115549,0
-1,0,-5,9141.614215305553,0
-1,0,-3,10308.170396903144,0
-1,0,-1,4570.359747409175,0
-1,0,1,3625.696982313414,0
-1,0,3,14813.86871322188,0
-1,0,5,10719.902298478348,0
-1,0,7,3299.5916066306536,0
-1,0,9,1217.1335839620162,0
-1,1,-10,3346.096376118101,0
-1,1,-8,2168.101330046207,0
-1,1,-6,4377.412718062887,0
-1,1,-4,355.7305994961875,0
-1,1,-2,10502.943909636586,0
-1,1,0,6621.459612692236,0
-1,1,2,19285.955377419785,0
-1,1,4,633.7081790070235,0
-1,1,6,7376.0969968374975,0
-1,1,8,2368.058166203716,0
-1,1,10,5038.369374907817,0
-1,2,-9,452.12100214792696,0
-1,2,-7,1156.8998079584105,0
-1,2,-5,4763.613510701682,0
-1,2,-3,5361.0219266822,0
-1,2,-1,2869.776599357247,0
-1,2,1,3185.9862082205127,0
-1,2,3,6892.610398509104,0
-1,2,5,8279.692213493983,0
-1,2,7,2055.766622186728,0
-1,2,9,1153.103356085125,0
-1,3,-10,2079.600249999599,0
-1,3,-8,498.1873812825493,0
-1,3,-6,2265.714068968327,0
-1,3,-4,185.26961287890964,0
-1,3,-2,6847.411356555436,0
-1,3,0,3590.2303225827904,0
-1,3,2,6508.534281255574,0
-1,3,4,279.1144653698849,0
-1,3,6,3846.1013150651584,0
-1,3,8,821.7931285885721,0
-1,4,-9,598.878380657738,0
-1,4,-3,1633.8877581451563,0
-1,4,-1,990.6589229210962,0
-1,4,1,905.9473057946689,0
-1,4,3,3960.2419269079132,0
-1,4,9,285.02567602027,0
0,-4,-10,1130.6560183466177,0
0,-4,-8,1020.6535125301868,0
0,-4,-6,141.34274234986424,0
0,-4,-4,1111.3466752560762,0
0,-4,-2,919.709874263771,0
0,-4,0,4367.176464009986,0
0,-4,2,746.8732068540161,0
0,-4,4,1652.8072783762955,0
0,-4,8,2818.197875912965,0
0,-4,10,528.6895574302519,0
0,-3,-9,234.1425775282854,0
0,-3,-7,556.2376220141557,0
0,-3,-5,4488.911928619291,0
0,-3,-3,4982.5970985627355,0
0,-3,-1,2160.799203260727,0
0,-3,1,1530.075463431241,0
0,-3,3,3974.594779977035,0
0,-3,5,4498.030441896254,0
0,-3,7,1084.6676699070103,0
0,-2,-10,553.6838005543858,0
0,-2,-8,6027.207801199429,0
0,-2,-6,818.6368997162144,0
0,-2,-4,4439.363519583186,0
0,-2,-2,3444.884327486516,0
0,-2,0,26915.858751399992,0
0,-2,2,1664.694239052619,0
0,-2,4,3093.353309370852,0
0,-2,6,727.0461984071,0
0,-2,8,3209.2812008008787,0
0,-1,-9,929.3690893972255,0
0,-1,-7,2984.0881628033153,0
0,-1,-5,8679.546265294703,0
0,-1,-3,8796.684507812055,0
0,-1,-1,4934.198107182815,0
0,-1,1,6594.159145057642,0
0,-1,3,10538.488110967983,0
0,-1,5,8817.737750187824,0
0,-1,7,2202.7450420319483,0
0,-1,9,744.3491725660695,0
0,0,-10,1174.9235608280069,0
0,0,-8,7177.6065637655365,0
0,0,-6,1265.9677872659354,0
0,0,-4,8032.335476969977,0
0,0,4,6691.3910176827885,0
0,0,6,1063.5523193554498,0
0,0,8,7508.388803921588,0
0,0,10,1592.832989371863,0
0,1,-9,962.3268072785952,0
0,1,-7,2888.996735105104,0
0,1,-5,8674.705572088009,0
0,1,-3,5742.673623980538,0
0,1,-1,4600.080953800557,0
0,1,1,7012.189583545124,0
0,1,3,9596.08687309087,0
0,1,5,13935.657343839373,0
0,1,7,2792.1629026880382,0
0,1,9,1304.1191352393241,0
0,2,-10,288.43012936285777,0
0,2,-8,5014.890295406688,0
0,2,-6,629.6364709411148,0
0,2,-4,3684.7497593113535,0
0,2,-2,1856.3527509888252,0
0,2,0,17328.541951800667,0
0,2,2,3416.625722154941,0
0,2,4,5044.749452122177,0
0,2,6,764.2908252906534,0
0,2,8,6315.107124538195,0
0,3,-9,204.9341279690096,0
0,3,-7,1253.0762501802978,0
0,3,-5,3437.958426648451,0
0,3,-3,3868.10912629701,0
0,3,-1,1284.0226538896572,0
0,3,1,1703.873032883228,0
0,3,3,4958.037267677942,0
0,3,5,5878.240557948398,0
0,3,7,1159.0450321208477,0
0,4,-10,830.156021013947,0
0,4,-4,1067.7723421166565,0
0,4,-2,817.8274041127063,0
0,4,0,5171.426646283926,0
0,4,2,999.0973132250999,0
0,4,4,1452.782602508096,0
0,4,8,439.4289041253286,0
0,4,10,582.7721561880287,0
1,-4,-9,431.5455801255267,0
1,-4,-3,2499.45949870358,0
1,-4,-1,865.2192729197692,0
1,-4,1,1267.0188210623921,0
1,-4,3,2884.9722690454164,0
1,-4,5,3530.4394413018417,0
1,-4,9,157.1638970104508,0
1,-3,-10,2210.0780508303956,0
1,-3,-8,621.7769641706041,0
1,-3,-6,3474.1094187675494,0
1,-3,-4,256.75840245677506,0
1,-3,-2,7192.475282311243,0
1,-3,0,3284.5607176534686,0
1,-3,2,5761.737594413981,0
1,-3,4,204.12824244139333,0
1,-3,6,2330.089083111224,0
1,-3,8,570.5707329778289,0
1,-2,-9,797.4129200656016,0
1,-2,-7,2238.8765741592465,0
1,-2,-5,7018.507552126015,0
1,-2,-3,9140.582881343193,0
1,-2,-1,4225.344573580443,0
1,-2,1,2513.7047991180602,0
1,-2,3,5253.875306260162,0
1,-2,5,3904.4719185266204,0
1,-2,7,1206.131223310756,0
1,-2,9,462.6920799500726,0
1,-1,-10,2802.2075202921546,0
1,-1,-8,2277.8900692433863,0
1,-1,-6,4669.631026567033,0
1,-1,-4,372.76169858551293,0
1,-1,-2,20209.448844863084,0
1,-1,0,5355.9261215439465,0
1,-1,2,10026.894164168485,0
1,-1,4,237.52418176887363,0
1,-1,6,3468.2542929646006,0
1,-1,8,1844.2390141259589,0
1,-1,10,2744.8580077778242,0
1,0,-9,863.6596796935098,0
1,0,-7,1995.503074845677,0
1,0,-5,6552.8803228362685,0
1,0,-3,11844.96766684851,0
1,0,-1,5311.4683422529815,0
1,0,1,3369.774662781845,0
1,0,3,8972.931665262804,0
1,0,5,6548.7919406538185,0
1,0,7,1378.6175815711447,0
1,0,9,1096.907221337395,0
1,1,-10,2001.8338184831375,0
1,1,-8,1803.6379436912773,0
1,1,-6,5279.776599136734,0
1,1,-4,340.79914906108706,0
1,1,-2,13707.887196980764,0
1,1,0,12288.623574785932,0
1,1,2,15821.088180939409,0
1,1,4,616.14694007946,0
1,1,6,6091.317005272488,0
1,1,8,2403.6966997609347,0
1,1,10,4070.9951380118387,0
1,2,-9,470.8410577338662,0
1,2,-7,1099.091602872792,0
1,2,-5,4674.76167876209,0
1,2,-3,7297.976341610656,0
1,2,-1,3059.540709279517,0
1,2,1,2896.096339862437,0
1,2,3,9774.523821959734,0
1,2,5,4585.992521874088,0
1,2,7,1682.2260260370858,0
1,2,9,640.8155658042765,0
1,3,-10,2958.348100689377,0
1,3,-8,617.4193797114775,0
1,3,-6,1736.2851910735158,0
1,3,-4,178.57461627373186,0
1,3,-2,5075.145586616118,0
1,3,0,2821.5102727187436,0
1,3,2,4797.329599832327,0
1,3,4,249.11858020273036,0
1,3,6,1739.4503883348834,0
1,3,8,1741.0485580452373,0
1,4,-5,2618.716933547859,0
1,4,-3,2060.4406986012273,0
1,4,-1,924.4651522936358,0
1,4,1,656.2402721497498,0
1,4,3,1538.2985739956184,0
1,4,5,1890.1696699866434,0
1,4,9,8.815272146704038,0
2,-4,-10,706.7121570203382,0
2,-4,-8,4819.9551840805525,0
2,-4,-6,576.2623434797465,0
2,-4,0,4574.660942524925,0
2,-4,2,535.2711607170887,0
2,-4,4,1299.1279590862637,0
2,-4,6,382.3373249160071,0
2,-4,8,2392.769348917613,0
2,-4,10,433.3593988795235,0
2,-3,-9,140.51018939635668,0
2,-3,-7,1200.3420841932257,0
2,-3,-5,3045.188005113409,0
2,-3,-3,2907.064090774532,0
2,-3,-1,1155.4066209389719,0
2,-3,1,1023.8845259724798,0
2,-3,3,2723.3752199756996,0
2,-3,5,2246.7548144176026,0
2,-3,7,525.3645813187386,0
2,-3,9,4.633130232217651,0
2,-2,-10,705.9995635312234,0
2,-2,-8,3960.0803339167037,0
2,-2,-6,520.6051129458032,0
2,-2,-4,2849.8690880311583,0
2,-2,-2,2114.340105834406,0
2,-2,0,9890.18587368171,0
2,-2,2,1314.213729054618,0
2,-2,4,2278.313191496422,0
2,-2,6,443.4251946531413,0
2,-2,8,3038.5034571080055,0
2,-2,10,449.5616752271267,0
2,-1,-9,555.5099759259817,0
2,-1,-7,1801.959405831078,0
2,-1,-5,5547.757165544942,0
2,-1,-3,6238.536306183295,0
2,-1,-1,2315.569419212481,0
2,-1,1,2279.600891824553,0
2,-1,3,4087.0069833835328,0
2,-1,5,4253.982409826606,0
2,-1,7,1336.0448870283988,0
2,-1,9,796.2649612727992,0
2,0,-8,4930.170551124419,0
2,0,-6,721.9687234750199,0
2,0,-4,3352.378479568117,0
2,0,-2,3157.267182836008,0
2,0,0,19344.466763811026,0
2,0,2,2229.1223276000014,0
2,0,4,2394.564884314626,0
2,0,6,948.9703811434938,0
2,0,8,4420.57014683494,0
2,0,10,1250.1965138698738,0
2,1,-9,334.9315325939973,0
2,1,-7,1201.119758435985,0
2,1,-5,3985.2103212228167,0
2,1,-3,4168.03770710782,0
2,1,-1,1674.6278804186338,0
2,1,1,2753.072624435861,0
2,1,3,4812.8660661662925,0
2,1,5,6001.750114093282,0
2,1,7,1832.598731184855,0
2,1,9,763.7365154729549,0
2,2,-8,2735.4124146691875,0
2,2,-6,285.4766580396662,0
2,2,-4,3052.992567039487,0
2,2,-2,1796.3291101486766,0
2,2,0,9684.843179849948,0
2,2,2,2210.2006777174465,0
2,2,4,2991.7143816314165,0
2,2,6,553.3568503231044,0
2,2,8,5038.34875695759,0
2,3,-9,489.01010442973313,0
2,3,-7,663.1405535210073,0
2,3,-5,2648.132603927467,0
2,3,-3,3282.112916747471,0
2,3,-1,913.3759979377929,0
2,3,1,1131.4829116173294,0
2,3,3,3636.421425771657,0
2,3,5,2772.2459009529616,0
2,3,7,1084.967517834907,0
2,3,9,167.85487213219088,0
2,4,-10,357.677720884658,0
2,4,-8,2090.0014824092746,0
2,4,-6,283.80842636056985,0
2,4,-4,1236.5852491163917,0
2,4,-2,443.481210677688,0
2,4,0,4062.9516076848436,0
2,4,2,273.9418170206037,0
2,4,4,1369.8515210956164,0
2,4,6,392.67011696199404,0
2,4,8,1311.7913114009327,0
3,-4,-9,523.6745830581278,0
3,-4,-7,874.9301901529948,0
3,-4,-5,1935.9852547087653,0
3,-4,3,1274.734086241409,0
3,-4,5,1041.7025964985967,0
3,-4,7,446.7213108090903,0
3,-4,9,301.7966797215605,0
3,-3,-10,2746.869030092955,0
3,-3,-8,465.073866627083,0
3,-3,-6,164.35476700876714,0
3,-3,0,880.7883016525808,0
3,-3,2,2489.198132555329,0
3,-3,4,136.96301927795082,0
3,-3,6,1298.4840852787518,0
3,-3,8,730.9168347007195,0
3,-3,10,1307.880364336437,0
3,-2,-7,645.8776379276391,0
3,-2,-5,2373.22978968527,0
3,-2,-3,2425.323705133481,0
3,-2,-1,1273.2489785971416,0
3,-2,1,567.833260839407,0
3,-2,3,2455.992349740245,0
3,-2,5,1648.1176899341606,0
3,-2,7,592.4818226430007,0
3,-2,9,332.94266584217746,0
3,-1,-10,2648.7267644590174,0
3,-1,-8,973.7805624567613,0
3,-1,-6,2221.54729456071,0
3,-1,-4,209.3711694721321,0
3,-1,-2,5583.571468452568,0
3,-1,0,2600.494995254345,0
3,-1,2,3818.9646110824847,0
3,-1,4,188.93721016446196,0
3,-1,6,2277.503922474094,0
3,-1,8,1342.5196890880254,0
3,0,-7,761.0221631827811,0
3,0,-5,2566.2868337489294,0
3,0,-3,3396.2326623621734,0
3,0,-1,1595.5190279376748,0
3,0,1,915.6579587151717,0
3,0,3,3234.945910268242,0
3,0,5,3939.3583550928465,0
3,0,7,1123.5392141859047,0
3,0,9,635.3135696612036,0
3,1,-8,925.6355147891162,0
3,1,-6,1734.438137029506,0
3,1,-4,179.14008213129955,0
3,1,-2,4946.166218263997,0
3,1,0,2370.3582840698004,0
3,1,2,3985.067778277878,0
3,1,4,184.6052500144583,0
3,1,6,2976.317940847351,0
3,1,8,1460.6062059515068,0
3,1,10,1636.0384933312478,0
3,2,-9,673.7535310148024,0
3,2,-5,1631.640878090163,0
3,2,-3,2428.0720035682166,0
3,2,-1,780.8547413611886,0
3,2,1,1061.9881315221633,0
3,2,3,3785.7456866782118,0
3,2,5,2154.630946696565,0
3,2,7,1249.9314506777573,0
3,2,9,449.6054157837759,0
3,3,-10,1643.1413436145226,0
3,3,-8,590.1248813826697,0
3,3,-4,141.5276432526323,0
3,3,-2,2784.051213167683,0
3,3,0,1903.4681520052472,0
3,3,2,2582.687147480875,0
3,3,10,722.9602419249176,0
3,4,-9,382.02437891034845,0
3,4,-7,813.2283045440965,0
3,4,-1,730.0847082210595,0
3,4,1,599.0448238336387,0
3,4,7,303.2380428374669,0
3,4,9,132.90839975674706,0
4,-4,-10,628.8110061069572,0
4,-4,-8,2125.7394809884067,0
4,-4,-6,68.15509328856521,0
4,-4,-4,1153.5091373956673,0
4,-4,-2,497.2224676635423,0
4,-4,0,2266.3239848260346,0
4,-4,2,458.14874169509324,0
4,-4,4,636.9364828675887,0
4,-4,6,229.9691313256807,0
4,-4,10,232.70479534086812,0
4,-3,-9,594.8368280933446,0
4,-3,-7,1105.3368155545404,0
4,-3,-5,2262.132014676772,0
4,-3,1,1255.1410768486212,0
4,-3,3,814.1724222972687,0
4,-3,5,1331.6554713336277,0
4,-3,7,692.7072503408754,0
4,-3,9,348.10153803341257,0
4,-2,-10,836.5549090863263,0
4,-2,-8,3795.1870479833924,0
4,-2,-6,183.5229355353127,0
4,-2,-4,1087.1111846794743,0
4,-2,-2,652.4286667170485,0
4,-2,0,3255.6432525107903,0
4,-2,2,271.2294295614398,0
4,-2,4,577.0005240393232,0
4,-2,6,536.3565712260174,0
4,-2,8,1746.4723008963724,0
4,-2,10,506.8645376946872,0
4,-1,-9,792.6343295399624,0
4,-1,-7,845.3113122874181,0
4,-1,-5,1422.0858800672781,0
4,-1,-3,1481.1542381731213,0
4,-1,1,844.3394391456463,0
4,-1,3,1201.5967979199947,0
4,-1,5,2219.244575440073,0
4,-1,7,856.1457942687066,0
4,0,-10,986.6641288182377,0
4,0,-8,4105.761383856528,0
4,0,-6,143.76882497420704,0
4,0,-4,1119.093165577216,0
4,0,-2,852.7670842616591,0
4,0,0,4888.07771305238,0
4,0,2,945.3531741353185,0
4,0,10,282.72403723472456,0
4,1,-9,661.6582091882677,0
4,1,-5,492.6778694994912,0
4,1,-3,444.9727489447183,0
4,1,-1,851.574546016356,0
4,1,1,496.77960219113515,0
4,1,3,1673.241803048458,0
4,1,5,2078.9941502811907,0
4,1,9,229.9038905635348,0
4,2,-10,807.7147963563879,0
4,2,-8,3159.081308181916,0
4,2,-4,376.70629270189585,0
4,2,-2,205.3502250960943,0
4,2,0,2491.6138541118985,0
4,2,2,441.48162592089903,0
4,2,6,163.8614793692244,0
4,2,8,874.8596481444782,0
4,2,10,294.14542106171234,0
4,3,-9,416.38422530518886,0
4,3,-7,30.279386438194518,0
4,3,-1,259.667166452254,0
4,3,5,609.5073697047517,0
4,3,7,175.91686895963218,0
4,3,9,190.2250333819672,0
4,4,-10,411.54658296881524,0
4,4,-8,1296.3215728310959,0
4,4,-6,139.55047863122638,0
4,4,-4,712.8088512791976,0
4,4,-2,41.219255703436,0
4,4,0,384.4897279648242,0
4,4,2,60.159895855995686,0
4,4,4,214.54126941639777,0
4,4,6,113.96053030544576,0
4,4,8,627.8779674709735,0
5,-4,-9,427.47746713600077,0
5,-4,-7,233.57132654595677,0
5,-4,-5,1400.2225454343422,0
5,-4,-3,571.4969738531394,0
5,-4,-1,575.2751255229102,0
5,-4,1,309.325081669839,0
5,-4,5,944.7237228708228,0
5,-4,7,262.69177555271705,0
5,-4,9,129.80240652900375,0
5,-3,-8,283.784235745907,0
5,-3,-6,1202.8444522376094,0
5,-3,-4,285.2188906572223,0
5,-3,0,1527.7271884778872,0
5,-3,2,1651.0091015329153,0
5,-3,4,146.1765323727951,0
5,-3,6,569.8054969218886,0
5,-3,10,670.6513116045379,0
5,-2,-9,620.3313926384966,0
5,-2,-7,1133.3755013244975,0
5,-2,-5,2542.8312755223174,0
5,-2,-3,2492.059003260376,0
5,-2,-1,584.2553078958344,0
5,-2,1,715.626973860659,0
5,-2,3,839.0146450901223,0
5,-2,5,1845.1592747388538,0
5,-2,7,525.8037659815114,0
5,-2,9,251.17121209758204,0
5,-1,-10,1810.4717540483905,0
5,-1,-8,859.4793228115964,0
5,-1,-6,2134.3165262668904,0
5,-1,-4,203.05680863035602,0
5,-1,-2,1985.6053954503043,0
5,-1,0,1925.4904392811115,0
5,-1,6,1835.5686690344646,0
5,-1,8,477.8179970989953,0
5,-1,10,201.70567340103784,0
5,0,-9,443.88932045062774,0
5,0,-7,580.6906350098986,0
5,0,-5,1786.3372740274651,0
5,0,-3,1814.3342495862594,0
5,0,5,642.2073576902036,0
5,0,7,271.426099040727,0
5,0,9,158.8720041575385,0
5,1,-8,1077.9734462320826,0
5,1,-6,1679.1314845353204,0
5,1,-4,141.4167205299665,0
5,1,-2,815.7159267720373,0
5,1,0,504.326946700206,0
5,1,2,1064.1823919075887,0
5,1,4,62.85136778614978,0
5,1,6,562.0804734293214,0
5,1,8,306.0484104875565,0
5,2,-7,390.06785445125723,0
5,2,-5,1192.352102400406,0
5,2,-3,1743.5101252425225,0
5,2,-1,15.555629732046357,0
5,2,1,54.651406108502925,0
5,2,3,326.91373649031993,0
5,2,5,583.7359846893539,0
5,2,7,258.65350741293975,0
5,3,-10,137.1043593714589,0
5,3,-6,1116.0591125853748,0
5,3,-2,194.31903344312389,0
5,3,0,75.4002415580546,0
5,3,2,373.1570824753058,0
5,3,4,58.06136391350232,0
5,3,6,404.5375704139709,0
5,3,8,109.78407601238561,0
5,3,10,366.5854336151041,0
5,4,-9,239.59010478073344,0
5,4,-5,177.41327055129145,0
5,4,-3,214.5351867345232,0
5,4,-1,58.66192208914654,0
5,4,1,68.16327585138082,0
5,4,3,262.83291859601405,0
5,4,7,65.54582606969214,0
5,4,9,89.90139773687183,0
6,-4,-10,313.91258552070593,0
6,-4,-8,809.160202146795,0
6,-4,-6,267.128408457961,0
6,-4,-4,610.7865735822463,0
6,-4,-2,429.5929531714814,0
6,-4,0,1890.4117816291623,0
6,-4,2,182.7394065748583,0
6,-4,4,339.0910433327371,0
6,-4,6,121.02542399835234,0
6,-4,8,853.3403325637568,0
6,-3,-9,120.04222881568916,0
6,-3,-7,724.9257446560313,0
6,-3,-5,1193.0617041639302,0
6,-3,-1,479.82624757858565,0
6,-3,3,622.1783262113377,0
6,-3,5,1074.7987963020796,0
6,-3,7,252.27776028353173,0
6,-3,9,164.25264154261646,0
6,-2,-10,373.0830006927139,0
6,-2,-8,1247.6434640422217,0
6,-2,-6,314.1659872967338,0
6,-2,-2,552.1331067497515,0
6,-2,0,3485.5809939370233,0
6,-2,2,486.4728320958134,0
6,-2,4,503.50964313653304,0
6,-2,6,38.130738988593215,0
6,-2,8,600.8806959170956,0
6,-2,10,216.72661200831317,0
6,-1,-9,377.2330784660043,0
6,-1,-3,929.5765921827523,0
6,-1,-1,380.27754066542815,0
6,-1,1,662.132659306154,0
6,-1,3,1250.2007122646796,0
6,-1,5,682.8133040197354,0
6,-1,7,372.3592438541567,0
6,0,-10,329.36105798674913,0
6,0,-8,1890.9854998979658,0
6,0,-4,1354.6138052969955,0
6,0,-2,493.41778182393944,0
6,0,0,2816.1417499579798,0
6,0,2,571.9174863726686,0
6,0,4,752.2186347880656,0
6,0,6,62.918418238697136,0
6,0,10,92.56512394984759,0
6,1,-9,337.03900701701866,0
6,1,-7,743.0439264050135,0
6,1,-5,1143.4455386522409,0
6,1,-3,1103.6022166391533,0
6,1,-1,419.37882590033666,0
6,1,3,985.4707653305231,0
6,1,5,218.45824673912117,0
6,1,7,113.75560927263038,0
6,1,9,51.60013578454781,0
6,2,-10,338.1333186935733,0
6,2,-8,1204.931894274782,0
6,2,-4,856.5676888991591,0
6,2,-2,330.4117325183873,0
6,2,0,1856.9311285439223,0
6,2,2,39.238222955220216,0
6,2,6,83.56528149341474,0
6,2,8,359.20943384435975,0
6,2,10,81.4921891187201,0
6,3,-9,139.3212430423955,0
6,3,-7,612.4938196467325,0
6,3,-3,462.37740456856386,0
6,3,-1,40.66249545230618,0
6,3,1,134.947668738418,0
6,3,3,128.80327189766533,0
6,3,5,232.37086441994703,0
6,3,7,97.60940620036783,0
6,3,9,31.666020457477817,0
6,4,-10,139.99734833547066,0
6,4,-8,759.3576435403868,0
6,4,-6,123.9554468420837,0
6,4,-4,131.91288244517014,0
6,4,-2,29.95345783007707,0
6,4,0,255.7499257153524,0
6,4,2,54.09591811604483,0
6,4,4,161.93772740654447,0
6,4,6,36.470916893696476,0
6,4,8,226.26155780404986,0
7,-4,-9,136.76278706992764,0
7,-4,-7,477.8174276754042,0
7,-4,-5,819.3618650733359,0
7,-4,3,515.731682997894,0
7,-4,5,279.7206277267327,0
7,-4,7,99.89500374937094,0
7,-4,9,149.79415790546471,0
7,-3,-10,483.70966663687904,0
7,-3,-6,702.8757798373272,0
7,-3,-4,195.02615284782053,0
7,-3,-2,903.8204001971724,0
7,-3,0,724.1947224523911,0
7,-3,2,562.6771776642443,0
7,-3,4,144.60526764405637,0
7,-3,6,315.17285294855554,0
7,-3,8,390.0455695005482,0
7,-2,-7,640.099395059492,0
7,-2,-5,731.1629470313594,0
7,-2,-3,673.9207814409373,0
7,-2,-1,348.4302629552616,0
7,-2,1,337.35339072964155,0
7,-2,3,492.1428271148475,0
7,-2,9,104.96448339350407,0
7,-1,-8,608.8540886221713,0
7,-1,-6,701.9313176213042,0
7,-1,-4,231.8577528515525,0
7,-1,-2,2175.785298718558,0
7,-1,0,427.40357216329244,0
7,-1,2,777.9151406658211,0
7,-1,4,110.56208892383803,0
7,-1,6,340.9779827806086,0
7,-1,8,49.85306012866975,0
7,-1,10,131.25957950531026,0
7,0,-9,125.5922243266899,0
7,0,-7,463.1586353567701,0
7,0,-5,895.9704406659773,0
7,0,-3,489.7283499722772,0
7,0,-1,884.8333233843962,0
7,0,1,426.01055242714574,0
7,0,3,362.4203032344583,0
7,0,5,220.41185343409455,0
7,0,7,117.03582304744371,0
7,0,9,35.0444854985108,0
7,1,-8,365.46548255740055,0
7,1,-6,790.6435777143113,0
7,1,-4,113.33722097769203,0
7,1,-2,1737.3178054967138,0
7,1,0,232.80361139592557,0
7,1,2,211.4897798013005,0
7,1,4,17.22269112955349,0
7,1,8,57.234333171823856,0
7,2,-7,294.94118357311646,0
7,2,-5,367.99081364855215,0
7,2,-3,336.08893125641436,0
7,2,-1,149.85808668330415,0
7,2,1,138.00556725823418,0
7,2,3,172.04433547221072,0
7,2,5,136.7701015775821,0
7,2,7,126.65919171075099,0
7,3,-10,312.25343726089784,0
7,3,-8,423.1690027885222,0
7,3,-6,401.6320578511583,0
7,3,-4,67.8761501627091,0
7,3,-2,71.32138656804202,0
7,3,0,58.3807003378807,0
7,3,2,99.99694233671296,0
7,3,4,27.73413938560767,0
7,3,8,53.561233854649636,0
7,3,10,122.85877125347298,0
7,4,-9,83.12391594279423,0
7,4,-7,340.11192687689766,0
7,4,-5,120.62799179744074,0
7,4,-1,44.91314508196107,0
7,4,1,71.38367812214001,0
7,4,7,13.421070469302483,0
7,4,9,31.953490165067183,0
8,-4,-10,210.33318125857977,0
8,-4,-8,372.2693646888896,0
8,-4,-6,28.177945602657445,0
8,-4,-4,288.3964892434382,0
8,-4,-2,154.91357197018073,0
8,-4,0,600.9772549051431,0
8,-4,2,93.11405915966799,0
8,-4,4,63.02642350395029,0
8,-4,6,106.52383162879893,0
8,-4,8,131.34036925269652,0
8,-4,10,65.81878953542152,0
8,-3,-9,151.69362049412112,0
8,-3,-7,501.14128514742646,0
8,-3,-5,445.8611925586636,0
8,-3,-3,193.04090156063612,0
8,-3,-1,165.2789714944851,0
8,-3,1,255.4114890300582,0
8,-3,3,414.9521037938785,0
8,-3,5,172.13155560334138,0
8,-3,7,89.5892500235164,0
8,-3,9,66.65784345625487,0
8,-2,-10,318.68717956260997,0
8,-2,-8,509.09272642553634,0
8,-2,-6,111.29617351923372,0
8,-2,-4,274.3093324281326,0
8,-2,-2,461.6096138247537,0
8,-2,0,1447.178351355211,0
8,-2,2,18.878075516302022,0
8,-2,4,24.153242565033022,0
8,-2,6,75.42860570578236,0
8,-1,-9,87.43874527649075,0
8,-1,-7,423.386287450925,0
8,-1,-5,242.424424257119,0
8,-1,-3,90.92426742494659,0
8,-1,-1,93.69656037563583,0
8,-1,1,293.44632930953577,0
8,-1,3,297.6648224809544,0
8,-1,5,247.5935555987764,0
8,-1,7,56.00997576552698,0
8,0,-10,158.69861088892412,0
8,0,-8,328.43286751691073,0
8,0,-6,134.3637343769631,0
8,0,-4,39.18085582327521,0
8,0,-2,43.79397866990437,0
8,0,0,609.6117783143171,0
8,0,2,191.85016676277874,0
8,0,4,52.089457045576026,0
8,0,6,83.01113173174767,0
8,0,8,101.79497070544544,0
8,0,10,25.566363177291933,0
8,1,-9,74.71986242274147,0
8,1,-7,230.53539936064485,0
8,1,-5,28.918880766253363,0
8,1,-3,399.6902318365489,0
8,1,-1,142.10349705545036,0
8,1,1,124.4375470076015,0
8,1,5,74.39283981404662,0
8,1,7,75.11653187949534,0
8,1,9,18.889990511093686,0
8,2,-10,127.36827906320372,0
8,2,-6,59.236238605757464,0
8,2,-4,171.42737256773987,0
8,2,-2,127.5724211041529,0
8,2,0,95.4664797949372,0
8,2,2,29.92363819849654,0
8,2,4,39.51479278375952,0
8,2,6,60.501275076441765,0
8,2,10,43.8292963729511,0
8,3,-7,187.5210531423395,0
8,3,-5,148.85769772975826,0
8,3,-3,61.150864629486854,0
8,3,-1,25.05361087373486,0
8,3,1,67.0835450472338,0
8,3,3,100.7556243585277,0
8,3,5,139.67052061372434,0
8,3,7,37.091401490051524,0
8,3,9,25.691185160129827,0
8,4,-10,58.5283651469999,0
8,4,-8,145.77919297524372,0
8,4,-6,26.677233717601016,0
8,4,-4,36.51501247240989,0
8,4,-2,13.732360426452832,0
8,4,0,178.6748507720768,0
8,4,2,41.148909033366884,0
8,4,4,52.170543051771666,0
8,4,6,20.131978625964884,0
8,4,8,57.727678242535866,0
8,4,10,28.422804054623292,0
9,-4,-9,34.191195236279036,0
9,-4,-7,111.70213903163808,0
9,-4,-5,387.839694465982,0
9,-4,-3,53.77631917879754,0
9,-4,-1,187.4673112484235,0
9,-4,1,151.94382388136773,0
9,-4,3,238.13745835961385,0
9,-4,5,150.75714481190508,0
9,-4,7,84.02964051743905,0
9,-4,9,47.917461159388026,0
9,-3,-10,386.62820998655195,0
9,-3,-8,147.5058806859695,0
9,-3,-6,323.0722522803289,0
9,-3,-2,520.0556183403548,0
9,-3,0,230.7184422003843,0
9,-3,2,292.0877539095871,0
9,-3,4,79.46737044480953,0
9,-3,6,184.6857454370553,0
9,-2,-9,105.91658400383129,0
9,-2,-5,757.6781392835518,0
9,-2,-3,254.2053503679627,0
9,-2,-1,344.6976789524544,0
9,-2,1,221.30152387710237,0
9,-2,3,408.2130484574613,0
9,-2,5,199.8573155719861,0
9,-2,7,117.77748013783446,0
9,-1,-10,185.17628916445477,0
9,-1,-6,97.62221050681592,0
9,-1,-4,37.21165180656999,0
9,-1,-2,169.47487426379655,0
9,-1,0,141.50851512544003,0
9,-1,2,431.6600410519344,0
9,-1,4,97.45342694170678,0
9,0,-7,109.38710591075123,0
9,0,-5,227.02001749134388,0
9,0,-3,199.56061242728182,0
9,0,-1,192.90306748113247,0
9,0,1,135.10764595378762,0
9,0,3,233.91289993903354,0
9,0,5,172.85531023956423,0
9,0,7,52.080777673932424,0
9,0,9,13.83924262624691,0
9,1,-10,189.3310986228671,0
9,1,-8,104.39592479445996,0
9,1,-6,68.12580351505251,0
9,1,-4,71.81180758401536,0
9,1,-2,141.90924145427482,0
9,1,0,111.75351427191886,0
9,1,2,140.7354882595353,0
9,1,4,17.610493229461238,0
9,1,6,128.3660688693546,0
9,1,8,86.22091304295928,0
9,1,10,52.69811908759728,0
9,2,-7,266.5435097868445,0
9,2,-5,128.5835891667794,0
9,2,-3,24.61742508894169,0
9,2,-1,92.62565833443438,0
9,2,1,35.163050654380946,0
9,2,3,90.1065101959508,0
9,2,5,44.897605201918395,0
9,2,9,40.21928241075378,0
9,3,-10,122.80879716193641,0
9,3,-8,10.048156479141559,0
9,3,-6,16.615560109853988,0
9,3,-2,186.88710739211388,0
9,3,0,9.001745217396786e-23,0
9,3,2,52.80525479242043,0
9,3,6,39.881215976598355,0
9,3,8,49.199965046331194,0
9,3,10,34.90541729482343,0
9,4,-9,35.20639909210343,0
9,4,-7,10.689135918640469,0
9,4,-5,8.32902057865738,0
9,4,-3,30.12786421193322,0
9,4,-1,38.458843073438544,0
9,4,1,23.373495973088875,0
9,4,3,66.4614863699687,0
9,4,5,23.92043836378855,0
9,4,7,24.98768730839117,0
9,4,9,12.014583018480703,0
10,-4,-10,119.60782267539076,0
10,-4,-6,54.97396592670486,0
10,-4,-4,58.4113012674835,0
10,-4,-2,7.489292332877937,0
10,-4,0,253.47121933329518,0
10,-4,2,43.54082240564566,0
10,-4,4,44.62477067901813,0
10,-4,6,56.0240538270304,0
10,-4,8,121.2039371217247,0
10,-3,-9,33.87646575613122,0
10,-3,-7,218.22201825692872,0
10,-3,-3,53.74511540787789,0
10,-3,-1,107.3922937186369,0
10,-3,1,56.34074572460553,0
10,-3,3,196.87630753021247,0
10,-3,5,98.26100165181394,0
10,-3,7,46.4076891566912,0
10,-2,-10,130.25543376416041,0
10,-2,-8,297.84567133144105,0
10,-2,-6,7.047651180096772,0
10,-2,-4,108.60482858785194,0
10,-2,-2,267.3476266098371,0
10,-2,0,82.05840701047396,0
10,-2,2,109.24906671663064,0
10,-2,4,175.6965575385819,0
10,-1,-9,28.421469970595087,0
10,-1,-7,47.38544851736074,0
10,-1,-5,158.28205604646308,0
10,-1,-3,68.85695999744227,0
10,-1,-1,0.6169240702658976,0
10,-1,1,321.5521829426411,0
10,0,-10,106.31790391136603,0
10,0,-8,137.4238341760314,0
10,0,-6,35.369665261371885,0
10,0,-4,13.981217745714902,0
10,0,0,367.5983386711693,0
10,0,6,26.089701564088543,0
10,0,8,86.8299556170879,0
10,0,10,16.670243635143265,0
10,1,-9,19.381634906189223,0
10,1,-7,108.923875752889,0
10,1,-5,73.4952010849864,0
10,1,-3,21.85097171722339,0
10,1,-1,19.717068586023064,0
10,1,1,56.86305017123242,0
10,1,3,51.524351671142526,0
10,1,5,80.09568220374437,0
10,1,7,29.428312441602397,0
10,1,9,28.03063097366942,0
10,2,-10,48.11415873922477,0
10,2,-8,64.42936146945269,0
10,2,-6,19.008876848607844,0
10,2,-4,16.558912608763688,0
10,2,-2,7.093943546257562,0
10,2,0,59.556569261744244,0
10,2,2,26.011907070055138,0
10,2,4,14.80660839786967,0
10,2,6,10.899895411058138,0
10,2,8,58.22702025460997,0
10,2,10,7.294681629510347,0
10,3,-9,14.851281753826562,0
10,3,-7,33.34011015442627,0
10,3,-5,32.80866549858152,0
10,3,-3,22.141220638579814,0
10,3,-1,23.472612807236754,0
10,3,1,40.539401603745034,0
10,3,3,8.51732263561817,0
10,3,5,19.76659747452917,0
10,3,7,7.822852380845235,0
10,3,9,21.560097004548528,0
10,4,-10,8.784088322011032,0
10,4,-6,5.0127057929803005,0
10,4,-4,15.161054754617075,0
10,4,-2,15.548602209263272,0
10,4,0,85.0753141997079,0
10,4,2,3.549125833570675,0
10,4,4,19.5121188640225,0
10,4,6,34.78674403883266,0
10,4,8,46.59023601296866,0
10,4,10,8.083963155435839,0
-10,-4,-10.166666666666666,4.6714940187359115,0
-10,-4,-9.833333333333334,39.3313997641537,0
-10,-4,-8.166666666666666,13.000028652897965,0
-10,-4,-7.833333333333333,46.835047407533715,0
-10,-4,-6.166666666666667,2.6834015817311085,0
-10,-4,-5.833333333333333,13.740291890516607,0
-10,-3,-9.166666666666666,8.534908931386717,0
-10,-3,-8.833333333333334,33.58607599822406,0
-10,-3,-7.166666666666667,1.1266758552033067,0
-10,-3,-6.833333333333333,48.228964501688594,0
-10,-3,-5.166666666666667,24.7884299901302,0
-10,-3,-4.833333333333333,77.46846779718022,0
-10,-2,-10.166666666666666,0.05801518871862841,0
-10,-2,-9.833333333333334,41.17758861352488,0
-10,-2,-8.166666666666666,23.280238677920174,0
-10,-2,-7.833333333333333,169.2510482143481,0
-10,-2,-6.166666666666667,20.00708477716133,0
-10,-2,-5.833333333333333,28.64506381673195,0
-10,-2,-4.166666666666667,61.92617492369737,0
-10,-2,-3.8333333333333335,95.56994763937392,0
-10,-2,-2.1666666666666665,7.703814229412885,0
-10,-2,-1.8333333333333333,115.10037906261589,0
-10,-1,-9.166666666666666,20.9889353144799,0
-10,-1,-8.833333333333334,67.57207492008173,0
-10,-1,-7.166666666666667,2.829489710230964,0
-10,-1,-6.833333333333333,174.56990723172126,0
-10,-1,-5.166666666666667,4.200201161184007,0
-10,-1,-4.833333333333333,89.2512476113304,0
-10,-1,-3.1666666666666665,40.10372913890189,0
-10,-1,-2.8333333333333335,152.7749391368502,0
-10,0,-10.166666666666666,9.115615410154552,0
-10,0,-9.833333333333334,135.5234471676819,0
-10,0,-8.166666666666666,102.7821035811006,0
-10,0,-7.833333333333333,100.07881969720627,0
-10,0,-6.166666666666667,13.77004319656635,0
-10,0,-5.833333333333333,70.72977588660063,0
-10,0,-4.166666666666667,38.30335221021632,0
-10,0,-3.8333333333333335,125.15960339135485,0
-10,0,-2.1666666666666665,32.29803277058728,0
-10,0,-1.8333333333333333,135.1071961048033,0
-10,0,1.8333333333333333,26.599572011998166,0
-10,0,2.1666666666666665,90.24692018485689,0
-10,0,9.833333333333334,14.289304478609296,0
-10,0,10.166666666666666,24.840661424039208,0
-10,1,-9.166666666666666,59.3000622026878,0
-10,1,-8.833333333333334,48.826125330998615,0
-10,1,-7.166666666666667,0.05545852221309257,0
-10,1,-6.833333333333333,130.37899316657328,0
-10,1,-5.166666666666667,57.85409383644675,0
-10,1,-4.833333333333333,196.40243790153158,0
-10,1,-3.1666666666666665,65.78543302441884,0
-10,1,-2.8333333333333335,162.87225811549413,0
-10,1,-1.1666666666666667,48.84361845830866,0
-10,1,-0.8333333333333334,76.17856027426092,0
-10,1,0.8333333333333334,4.1427522464955673e-13,0
-10,1,1.1666666666666667,108.06602192725482,0
-10,1,2.8333333333333335,2.11661046466706,0
-10,1,3.1666666666666665,104.44256903941843,0
-10,2,-10.166666666666666,4.5248152780516255,0
-10,2,-9.833333333333334,76.44433390065898,0
-10,2,-8.166666666666666,138.45335604851513,0
-10,2,-7.833333333333333,153.92808539664557,0
-10,2,-6.166666666666667,7.984437118501924,0
-10,2,-5.833333333333333,58.56643361359118,0
-10,2,-4.166666666666667,4.174848301334833,0
-10,2,-3.8333333333333335,112.13455481967965,0
-10,2,-2.1666666666666665,19.927300668829705,0
-10,2,-1.8333333333333333,105.72486736253073,0
-10,2,1.8333333333333333,31.77340915017859,0
-10,2,2.1666666666666665,63.55614774193464,0
-10,2,3.8333333333333335,8.538624239186717,0
-10,2,4.166666666666667,44.429506403902145,0
-10,2,5.833333333333333,1.814928322086375,0
-10,2,6.166666666666667,34.18728415503617,0
-10,3,-9.166666666666666,27.576409914591196,0
-10,3,-8.833333333333334,55.639372137848895,0
-10,3,-7.166666666666667,10.027861275634452,0
-10,3,-6.833333333333333,148.3360841696458,0
-10,3,-5.166666666666667,50.21971518842637,0
-10,3,-4.833333333333333,149.2086126078481,0
-10,3,-3.1666666666666665,70.33059922403758,0
-10,3,-2.8333333333333335,113.27885318378283,0
-10,3,-1.1666666666666667,1.8161212681075716,0
-10,3,-0.8333333333333334,56.990286536033445,0
-10,3,0.8333333333333334,6.0340737212444,0
-10,3,1.1666666666666667,80.81151488642337,0
-10,3,2.8333333333333335,8.700843850305496,0
-10,3,3.1666666666666665,68.22847694826669,0
-10,3,4.833333333333333,3.055305987498305,0
-10,3,5.166666666666667,30.101844298817532,0
-10,3,6.833333333333333,12.467513261728255,0
-10,3,7.166666666666667,21.19316921693429,0
-10,4,-10.166666666666666,4.677251202709334,0
-10,4,-9.833333333333334,58.68919167736886,0
-10,4,-6.166666666666667,26.24319872986452,0
-10,4,-5.833333333333333,49.81506824899802,0
-10,4,-4.166666666666667,32.43488168576161,0
-10,4,-3.8333333333333335,63.545135459606755,0
-10,4,-2.1666666666666665,2.9097075430446178,0
-10,4,-1.8333333333333333,61.13542993853033,0
-10,4,-0.16666666666666666,21.058307735254875,0
-10,4,0.16666666666666666,113.22900027622408,0
-10,4,1.8333333333333333,33.280691849268806,0
-10,4,2.1666666666666665,23.52450525141942,0
-10,4,3.8333333333333335,41.564347121312714,0
-10,4,4.166666666666667,37.369616862024934,0
-10,4,5.833333333333333,1.465308851776123,0
-10,4,6.166666666666667,16.660829621780728,0
-10,4,7.833333333333333,1.6679917994968586e-10,0
-10,4,8.166666666666666,51.10578525373518,0
-10,4,9.833333333333334,0.9816885099287432,0
-10,4,10.166666666666666,11.439139645891762,0
-9,-4,-9.166666666666666,1.7445052046223446,0
-9,-4,-8.833333333333334,31.459236635498833,0
-9,-4,-7.166666666666667,0.4526697785386355,0
-9,-4,-6.833333333333333,36.34490042105503,0
-9,-3,-10.166666666666666,53.08244510429139,0
-9,-3,-9.833333333333334,90.97318073382978,0
-9,-3,-8.166666666666666,6.651831901734129,0
-9,-3,-7.833333333333333,37.52965899658099,0
-9,-3,-6.166666666666667,66.15138430248027,0
-9,-3,-5.833333333333333,86.8270501179223,0
-9,-3,-4.166666666666667,1.942198390994433,0
-9,-3,-3.8333333333333335,17.28408637444749,0
-9,-3,9.833333333333334,3.6845312022660206,0
-9,-3,10.166666666666666,68.94277218096548,0
-9,-2,-9.166666666666666,3.4895395023552487,0
-9,-2,-8.833333333333334,18.91655955937024,0
-9,-2,-5.166666666666667,112.54549575318215,0
-9,-2,-4.833333333333333,113.8791411284196,0
-9,-2,-3.1666666666666665,6.635074396118409,0
-9,-2,-2.8333333333333335,74.08953446586794,0
-9,-2,-1.1666666666666667,50.514967173414455,0
-9,-2,-0.8333333333333334,108.41039630085562,0
-9,-2,8.833333333333334,2.950439967392377,0
-9,-2,9.166666666666666,25.570957283875874,0
-9,-1,-6.166666666666667,23.664072632050896,0
-9,-1,-5.833333333333333,133.6148720462959,0
-9,-1,-4.166666666666667,4.789085988582754,0
-9,-1,-3.8333333333333335,110.50990424703106,0
-9,-1,-2.1666666666666665,39.086705676979676,0
-9,-1,-1.8333333333333333,405.12050249723,0
-9,-1,-0.16666666666666666,39.83445726384499,0
-9,-1,0.16666666666666666,246.2412793747749,0
-9,-1,7.833333333333333,0.869834009197071,0
-9,-1,8.166666666666666,56.92009031905107,0
-9,-1,9.833333333333334,22.596354701389934,0
-9,-1,10.166666666666666,39.08525981611704,0
-9,0,-9.166666666666666,20.362737526988,0
-9,0,-8.833333333333334,60.33520290819325,0
-9,0,-7.166666666666667,34.54356000315307,0
-9,0,-6.833333333333333,13.775160961445971,0
-9,0,-5.166666666666667,93.89911040169339,0
-9,0,-4.833333333333333,342.9846194820748,0
-9,0,-3.1666666666666665,214.69189014810834,0
-9,0,-2.8333333333333335,68.21171501450335,0
-9,0,-1.1666666666666667,120.82506363354716,0
-9,0,-0.8333333333333334,219.3148156044379,0
-9,0,0.8333333333333334,133.7883104737534,0
-9,0,1.1666666666666667,119.7836009656175,0
-9,0,2.8333333333333335,39.064217103046865,0
-9,0,3.1666666666666665,247.05565745866787,0
-9,0,8.833333333333334,35.23190401945175,0
-9,0,9.166666666666666,14.662958067406091,0
-9,1,-10.166666666666666,6.232187142556563,0
-9,1,-9.833333333333334,179.22251638130712,0
-9,1,-6.166666666666667,79.42812707213236,0
-9,1,-5.833333333333333,227.27789551543486,0
-9,1,-4.166666666666667,25.293677048155292,0
-9,1,-3.8333333333333335,126.99043261935783,0
-9,1,-2.1666666666666665,16.265813882746894,0
-9,1,-1.8333333333333333,250.88291717276172,0
-9,1,-0.16666666666666666,12.729774913665752,0
-9,1,0.16666666666666666,125.55616381507318,0
-9,1,1.8333333333333333,35.68486772698008,0
-9,1,2.1666666666666665,60.505946366687866,0
-9,1,3.8333333333333335,47.34654650885051,0
-9,1,4.166666666666667,33.2314706871808,0
-9,2,-9.166666666666666,48.6135823600691,0
-9,2,-8.833333333333334,117.39976140941587,0
-9,2,-5.166666666666667,44.67409585002972,0
-9,2,-4.833333333333333,259.43045928403535,0
-9,2,-3.1666666666666665,4.348072365748474,0
-9,2,-2.8333333333333335,160.36016588599384,0
-9,2,-1.1666666666666667,110.79891703260954,0
-9,2,-0.8333333333333334,115.91086717236541,0
-9,2,0.8333333333333334,86.33874820877607,0
-9,2,1.1666666666666667,62.99653575981867,0
-9,2,2.8333333333333335,1.6808922966437554e-11,0
-9,2,3.1666666666666665,175.96822583426137,0
-9,2,4.833333333333333,17.91278886100754,0
-9,2,5.166666666666667,19.40866430177627,0
-9,2,6.833333333333333,41.58208212922524,0
-9,2,7.166666666666667,24.37067335849016,0
-9,3,-10.166666666666666,6.061336037693277,0
-9,3,-9.833333333333334,141.4852244061406,0
-9,3,-8.166666666666666,19.36680197937076,0
-9,3,-7.833333333333333,84.75270875606817,0
-9,3,-6.166666666666667,59.5879211042519,0
-9,3,-5.833333333333333,136.73900984772396,0
-9,3,-2.1666666666666665,49.92972304992089,0
-9,3,-1.8333333333333333,238.6244817865234,0
-9,3,-0.16666666666666666,7.9610723573439355,0
-9,3,0.16666666666666666,75.60086805679288,0
-9,3,1.8333333333333333,16.57934439001188,0
-9,3,2.1666666666666665,55.52062540472769,0
-9,3,3.8333333333333335,2.445346179452572,0
-9,3,4.166666666666667,21.999306589965254,0
-9,3,5.833333333333333,0.9321557852668477,0
-9,3,6.166666666666667,48.58966946770827,0
-9,3,7.833333333333333,6.961643706058142,0
-9,3,8.166666666666666,4.5711927507617025,0
-9,4,-9.166666666666666,5.653550721485922,0
-9,4,-8.833333333333334,41.17114776503314,0
-9,4,-7.166666666666667,24.711245066133543,0
-9,4,-6.833333333333333,72.11528874709899,0
-9,4,-5.166666666666667,29.354503370677488,0
-9,4,-4.833333333333333,206.8333726425063,0
-9,4,-3.1666666666666665,18.856926714774296,0
-9,4,-2.8333333333333335,62.576872988776664,0
-9,4,-1.1666666666666667,53.02204181055839,0
-9,4,-0.8333333333333334,70.54218953202238,0
-9,4,0.8333333333333334,2.6036952267054323e-13,0
-9,4,1.1666666666666667,47.03634169695175,0
-9,4,2.8333333333333335,5.698393978186249,0
-9,4,3.1666666666666665,106.26712157182101,0
-9,4,4.833333333333333,61.62274173479938,0
-9,4,5.166666666666667,44.04903090661171,0
-9,4,6.833333333333333,0.4742917549344031,0
-9,4,7.166666666666667,15.08307739553123,0
-9,4,8.833333333333334,2.294978996130435,0
-9,4,9.166666666666666,16.50315062384846,0
-8,-4,-8.166666666666666,3.7786306725508583,0
-8,-4,-7.833333333333333,85.4626053369974,0
-8,-4,-6.166666666666667,8.658992877003575,0
-8,-4,-5.833333333333333,31.252796618789155,0
-8,-4,-4.166666666666667,79.30708330835027,0
-8,-4,-3.8333333333333335,91.04614300667195,0
-8,-3,-9.166666666666666,363.9829260253975,0
-8,-3,-8.833333333333334,34.19231231515871,0
-8,-3,-5.166666666666667,11.449973282756458,0
-8,-3,-4.833333333333333,47.83066529473111,0
-8,-3,8.833333333333334,24.943428567566436,0
-8,-3,9.166666666666666,46.374337431872746,0
-8,-2,-10.166666666666666,0.03249201165646496,0
-8,-2,-9.833333333333334,69.24765887829814,0
-8,-2,-8.166666666666666,171.14986264082114,0
-8,-2,-7.833333333333333,115.55964933367717,0
-8,-2,-2.1666666666666665,45.479206054331065,0
-8,-2,-1.8333333333333333,79.19473352174336,0
-8,-2,-0.16666666666666666,1.617427393137529,0
-8,-2,0.16666666666666666,357.2985847198006,0
-8,-2,7.833333333333333,2.933559808643417e-11,0
-8,-2,8.166666666666666,154.70292393436674,0
-8,-2,9.833333333333334,70.84030107053297,0
-8,-2,10.166666666666666,32.99550646776111,0
-8,-1,-9.166666666666666,137.6420733992701,0
-8,-1,-8.833333333333334,53.80087297285155,0
-8,-1,-5.166666666666667,214.31295036497897,0
-8,-1,-4.833333333333333,109.10106001910165,0
-8,-1,-3.1666666666666665,139.12280271825298,0
-8,-1,-2.8333333333333335,186.3343841684827,0
-8,-1,-1.1666666666666667,29.267293845208506,0
-8,-1,-0.8333333333333334,72.89100232325903,0
-8,-1,0.8333333333333334,2.2616129189907905,0
-8,-1,1.1666666666666667,194.83061235697153,0
-8,-1,6.833333333333333,85.71430480366325,0
-8,-1,7.166666666666667,48.34147172396791,0
-8,-1,8.833333333333334,20.214591111158143,0
-8,-1,9.166666666666666,50.90500998922279,0
-8,0,-10.166666666666666,65.41918329215524,0
-8,0,-9.833333333333334,48.6330713216888,0
-8,0,-8.166666666666666,297.790322261755,0
-8,0,-7.833333333333333,196.9671859911409,0
-8,0,-6.166666666666667,23.703631299136948,0
-8,0,-5.833333333333333,46.5983227962923,0
-8,0,-2.1666666666666665,0.026951523965457653,0
-8,0,-1.8333333333333333,287.8571109102175,0
-8,0,-0.16666666666666666,159.75951110876022,0
-8,0,0.16666666666666666,368.64497137767853,0
-8,0,1.8333333333333333,193.20689976151743,0
-8,0,2.1666666666666665,118.49722040593397,0
-8,0,3.8333333333333335,134.6630675320748,0
-8,0,4.166666666666667,99.25595464188163,0
-8,0,9.833333333333334,31.2613527204983,0
-8,0,10.166666666666666,39.16468852466879,0
-8,1,-9.166666666666666,7.021888360081272,0
-8,1,-8.833333333333334,49.40783934991019,0
-8,1,-7.166666666666667,2.2175140215577067,0
-8,1,-6.833333333333333,167.12658392528,0
-8,1,-5.166666666666667,2.3091930233222087,0
-8,1,-4.833333333333333,414.1263037498246,0
-8,1,-3.1666666666666665,2.7252469475305774,0
-8,1,-2.8333333333333335,288.6208242793044,0
-8,1,0.8333333333333334,34.32331088211753,0
-8,1,1.1666666666666667,174.10224454724045,0
-8,1,2.8333333333333335,175.49439784162288,0
-8,1,3.1666666666666665,84.86453797847763,0
-8,1,4.833333333333333,64.28313334456526,0
-8,1,5.166666666666667,110.38535528286612,0
-8,1,6.833333333333333,12.087461480211749,0
-8,1,7.166666666666667,10.557365187503308,0
-8,1,8.833333333333334,20.35194950970482,0
-8,1,9.166666666666666,39.637390422171435,0
-8,2,-10.166666666666666,4.10774560423914,0
-8,2,-9.833333333333334,73.48076171247742,0
-8,2,-8.166666666666666,6.690071087659604e-11,0
-8,2,-7.833333333333333,306.15864355511917,0
-8,2,-6.166666666666667,68.63461997570026,0
-8,2,-5.833333333333333,49.47509196193713,0
-8,2,-4.166666666666667,8.801350240890509,0
-8,2,-3.8333333333333335,172.07252262241784,0
-8,2,-2.1666666666666665,8.643454950674981e-16,0
-8,2,-1.8333333333333333,187.95665169313898,0
-8,2,-0.16666666666666666,363.1703685139522,0
-8,2,0.16666666666666666,398.1026674471478,0
-8,2,1.8333333333333333,80.7279659724627,0
-8,2,2.1666666666666665,52.85595007909018,0
-8,2,3.8333333333333335,55.391236675965914,0
-8,2,4.166666666666667,68.57778186442441,0
-8,2,5.833333333333333,43.84469328755867,0
-8,2,6.166666666666667,50.72592821332857,0
-8,2,7.833333333333333,85.38992541968062,0
-8,2,8.166666666666666,82.93063484419405,0
-8,3,-9.166666666666666,79.5239553775122,0
-8,3,-8.833333333333334,73.0190843069543,0
-8,3,-7.166666666666667,22.310527280179066,0
-8,3,-6.833333333333333,128.82702580025745,0
-8,3,-5.166666666666667,213.17830626093976,0
-8,3,-4.833333333333333,155.1868524201816,0
-8,3,-3.1666666666666665,43.00193367255128,0
-8,3,-2.8333333333333335,134.3887197055647,0
-8,3,-1.1666666666666667,27.793522642524565,0
-8,3,-0.8333333333333334,50.80759971967482,0
-8,3,0.8333333333333334,7.067586750034229,0
-8,3,1.1666666666666667,49.84145932915433,0
-8,3,2.8333333333333335,5.658350239151287e-10,0
-8,3,3.1666666666666665,111.91737174944963,0
-8,3,6.833333333333333,11.349413317130567,0
-8,3,7.166666666666667,4.960609002594785,0
-8,3,8.833333333333334,18.568200909339367,0
-8,3,9.166666666666666,24.27196683593297,0
-8,4,-10.166666666666666,36.87636273815407,0
-8,4,-9.833333333333334,86.35293625435725,0
-8,4,-8.166666666666666,105.99516501605198,0
-8,4,-7.833333333333333,184.68664758134113,0
-8,4,-6.166666666666667,9.834420659509469,0
-8,4,-5.833333333333333,24.847968774367473,0
-8,4,-4.166666666666667,3.6487362323490253,0
-8,4,-3.8333333333333335,136.47064450525664,0
-8,4,-2.1666666666666665,37.000698473995186,0
-8,4,-1.8333333333333333,21.81850599333187,0
-8,4,-0.16666666666666666,103.81118897409162,0
-8,4,0.16666666666666666,182.96255748509634,0
-8,4,1.8333333333333333,46.60382367780588,0
-8,4,2.1666666666666665,34.98057341554516,0
-8,4,3.8333333333333335,34.54652557665555,0
-8,4,4.166666666666667,29.334259116800776,0
-8,4,5.833333333333333,15.242409222219031,0
-8,4,6.166666666666667,36.363510423412954,0
-8,4,7.833333333333333,114.736981095374,0
-8,4,8.166666666666666,80.5389315514245,0
-8,4,9.833333333333334,35.16528677973626,0
-8,4,10.166666666666666,11.672355405094034,0
-7,-4,-9.166666666666666,33.85041688294557,0
-7,-4,-8.833333333333334,44.70519473104332,0
-7,-4,-3.1666666666666665,8.342891752007992,0
-7,-4,-2.8333333333333335,95.76232674242597,0
-7,-4,6.833333333333333,97.97430451107218,0
-7,-4,7.166666666666667,59.23147061305841,0
-7,-4,8.833333333333334,45.110793514498994,0
-7,-4,9.166666666666666,28.431582290637294,0
-7,-3,-4.166666666666667,54.74520671266081,0
-7,-3,-3.8333333333333335,40.54194308812197,0
-7,-3,-2.1666666666666665,197.04325678760245,0
-7,-3,-1.8333333333333333,250.8396355109088,0
-7,-3,5.833333333333333,128.3929105643186,0
-7,-3,6.166666666666667,200.4212326135424,0
-7,-3,7.833333333333333,73.52109663613487,0
-7,-3,8.166666666666666,49.59322489057099,0
-7,-3,9.833333333333334,74.9176820307023,0
-7,-3,10.166666666666666,101.61296564968852,0
-7,-2,-7.166666666666667,12.52671525906841,0
-7,-2,-6.833333333333333,72.89772578893408,0
-7,-2,-3.1666666666666665,280.7158393611829,0
-7,-2,-2.8333333333333335,106.08260508112814,0
-7,-2,-1.1666666666666667,81.88568405882674,0
-7,-2,-0.8333333333333334,84.49915460560076,0
-7,-2,6.833333333333333,48.20836869912894,0
-7,-2,7.166666666666667,100.84274855277403,0
-7,-1,-8.166666666666666,146.1760897305547,0
-7,-1,-7.833333333333333,74.63387594921484,0
-7,-1,-4.166666666666667,46.13940302949052,0
-7,-1,-3.8333333333333335,29.0182687839475,0
-7,-1,-0.16666666666666666,238.84559330182583,0
-7,-1,0.16666666666666666,197.06184653949373,0
-7,-1,5.833333333333333,103.64236179456717,0
-7,-1,6.166666666666667,165.18703045565266,0
-7,-1,7.833333333333333,80.95725149143502,0
-7,-1,8.166666666666666,99.31753306328106,0
-7,0,-9.166666666666666,95.07591727503291,0
-7,0,-8.833333333333334,103.54873173390125,0
-7,0,-7.166666666666667,128.37367457491288,0
-7,0,-6.833333333333333,120.18069078070454,0
-7,0,-5.166666666666667,0.9711594360561004,0
-7,0,-4.833333333333333,268.439297774936,0
-7,0,-3.1666666666666665,765.5855207348477,0
-7,0,-2.8333333333333335,213.59933782784674,0
-7,0,-1.1666666666666667,196.2310391752983,0
-7,0,-0.8333333333333334,209.26539425781357,0
-7,0,0.8333333333333334,23.171858144564734,0
-7,0,1.1666666666666667,137.43855922049374,0
-7,0,4.833333333333333,281.10272312724226,0
-7,0,5.166666666666667,140.59314828338364,0
-7,0,6.833333333333333,74.08633626470777,0
-7,0,7.166666666666667,81.91581302254743,0
-7,0,8.833333333333334,46.20756498353182,0
-7,0,9.166666666666666,35.317930550549185,0
-7,1,-8.166666666666666,149.72062473480935,0
-7,1,-7.833333333333333,127.19968661214872,0
-7,1,-6.166666666666667,292.0383611338328,0
-7,1,-5.833333333333333,210.97341567458938,0
-7,1,-4.166666666666667,55.788899037316334,0
-7,1,-3.8333333333333335,72.03746772343878,0
-7,1,-2.1666666666666665,307.918899466839,0
-7,1,-1.8333333333333333,448.4390192193806,0
-7,1,-0.16666666666666666,276.72823189607755,0
-7,1,0.16666666666666666,225.09253749577505,0
-7,1,1.8333333333333333,480.1542964757069,0
-7,1,2.1666666666666665,281.12764891345205,0
-7,1,3.8333333333333335,23.249468036967006,0
-7,1,4.166666666666667,28.339502990109697,0
-7,1,5.833333333333333,96.09466934310338,0
-7,1,6.166666666666667,175.06253740188671,0
-7,1,7.833333333333333,68.03302667388508,0
-7,1,8.166666666666666,61.12484128879148,0
-7,1,9.833333333333334,99.079798301391,0
-7,1,10.166666666666666,89.12480845536014,0
-7,2,-9.166666666666666,82.20013820515817,0
-7,2,-8.833333333333334,114.9685264732243,0
-7,2,-7.166666666666667,116.47747374917778,0
-7,2,-6.833333333333333,145.2039773339114,0
-7,2,-5.166666666666667,4.451511728377368,0
-7,2,-4.833333333333333,445.9130710734051,0
-7,2,-3.1666666666666665,397.0803991157239,0
-7,2,-2.8333333333333335,342.77012701131264,0
-7,2,-1.1666666666666667,147.67557336893023,0
-7,2,-0.8333333333333334,102.05190259647746,0
-7,2,0.8333333333333334,152.6472875937864,0
-7,2,1.1666666666666667,97.19423055971268,0
-7,2,2.8333333333333335,51.557855361617925,0
-7,2,3.1666666666666665,216.80604332755297,0
-7,2,4.833333333333333,113.973568175036,0
-7,2,5.166666666666667,87.94640821007765,0
-7,2,6.833333333333333,69.65858917852078,0
-7,2,7.166666666666667,45.25940661470738,0
-7,2,8.833333333333334,32.37785314101882,0
-7,2,9.166666666666666,19.16626179637949,0
-7,3,-10.166666666666666,5.475683971875734,0
-7,3,-9.833333333333334,179.20362001935808,0
-7,3,-6.166666666666667,25.325364716447478,0
-7,3,-5.833333333333333,211.39748517155465,0
-7,3,-4.166666666666667,56.94935843507247,0
-7,3,-3.8333333333333335,71.11002860393661,0
-7,3,-2.1666666666666665,187.02162571357954,0
-7,3,-1.8333333333333333,230.9774848580028,0
-7,3,-0.16666666666666666,168.9602030736929,0
-7,3,0.16666666666666666,150.99688979843984,0
-7,3,1.8333333333333333,149.66530308941915,0
-7,3,2.1666666666666665,131.55294153831628,0
-7,3,3.8333333333333335,44.782340382026284,0
-7,3,4.166666666666667,28.276737305518367,0
-7,3,5.833333333333333,83.22231986381767,0
-7,3,6.166666666666667,95.62136901513198,0
-7,3,7.833333333333333,57.49162480907921,0
-7,3,8.166666666666666,60.8419829469639,0
-7,4,-9.166666666666666,1.0522785663339838e-10,0
-7,4,-8.833333333333334,70.15118257928081,0
-7,4,-7.166666666666667,41.05491956926787,0
-7,4,-6.833333333333333,71.95414714262579,0
-7,4,-5.166666666666667,1.2860851543485757e-11,0
-7,4,-4.833333333333333,242.09066101421882,0
-7,4,0.8333333333333334,5.272717430569176e-06,0
-7,4,1.1666666666666667,2.2730995190690626,0
-7,4,2.8333333333333335,72.27622877894068,0
-7,4,3.1666666666666665,76.9742318888544,0
-7,4,4.833333333333333,83.34662109762499,0
-7,4,5.166666666666667,67.79963313409246,0
-7,4,6.833333333333333,29.87050515482822,0
-7,4,7.166666666666667,17.589308339530756,0
-7,4,8.833333333333334,1.518414694625041e-19,0
-7,4,9.166666666666666,17.60355302474404,0
-6,-4,-10.166666666666666,51.71603881010201,0
-6,-4,-9.833333333333334,70.76885407618829,0
-6,-4,-4.166666666666667,113.67638315071103,0
-6,-4,-3.8333333333333335,140.70626384600928,0
-6,-4,5.833333333333333,5.65005223397932,0
-6,-4,6.166666666666667,46.870187455161755,0
-6,-4,7.833333333333333,122.27234631208582,0
-6,-4,8.166666666666666,114.6956375119969,0
-6,-3,-9.166666666666666,81.00335122295249,0
-6,-3,-8.833333333333334,55.291745077441334,0
-6,-3,-7.166666666666667,52.04049472453883,0
-6,-3,-6.833333333333333,136.73408168360413,0
-6,-3,-5.166666666666667,197.94303507320316,0
-6,-3,-4.833333333333333,162.04575231467632,0
-6,-3,-1.1666666666666667,0.35199354801413385,0
-6,-3,-0.8333333333333334,43.4235033306006,0
-6,-3,4.833333333333333,201.69400480818186,0
-6,-3,5.166666666666667,198.99458935859155,0
-6,-3,6.833333333333333,84.5933586457283,0
-6,-3,7.166666666666667,32.77459760941431,0
-6,-3,8.833333333333334,21.00929424743738,0
-6,-3,9.166666666666666,45.66691021429122,0
-6,-2,-10.166666666666666,83.62518606798481,0
-6,-2,-9.833333333333334,119.64985255640809,0
-6,-2,-6.166666666666667,1.716392518213916,0
-6,-2,-5.833333333333333,32.92837183277944,0
-6,-2,-4.166666666666667,155.76273629550167,0
-6,-2,-3.8333333333333335,123.96584797670081,0
-6,-2,-2.1666666666666665,100.39959021828442,0
-6,-2,-1.8333333333333333,139.99817587448422,0
-6,-2,1.8333333333333333,184.06456134586085,0
-6,-2,2.1666666666666665,60.72863655802346,0
-6,-2,5.833333333333333,16.44405896666292,0
-6,-2,6.166666666666667,50.884827191506375,0
-6,-2,7.833333333333333,188.61537979124486,0
-6,-2,8.166666666666666,176.71540173045588,0
-6,-1,-7.166666666666667,119.00798032587672,0
-6,-1,-6.833333333333333,185.19024417385185,0
-6,-1,-5.166666666666667,372.6800137261177,0
-6,-1,-4.833333333333333,170.34958174554023,0
-6,-1,-1.1666666666666667,292.22234781353245,0
-6,-1,-0.8333333333333334,64.97113709566077,0
-6,-1,0.8333333333333334,84.51170862847601,0
-6,-1,1.1666666666666667,286.33546796940584,0
-6,-1,2.8333333333333335,208.62000204372418,0
-6,-1,3.1666666666666665,260.7779168782238,0
-6,-1,4.833333333333333,252.23069265922047,0
-6,-1,5.166666666666667,203.8344996927919,0
-6,-1,6.833333333333333,165.91287198263123,0
-6,-1,7.166666666666667,59.52285738892672,0
-6,-1,8.833333333333334,31.21815593501485,0
-6,-1,9.166666666666666,30.075643158940007,0
-6,0,-10.166666666666666,85.57847561033824,0
-6,0,-9.833333333333334,65.86682943464561,0
-6,0,-8.166666666666666,356.07778087144885,0
-6,0,-7.833333333333333,288.9509413647292,0
-6,0,-4.166666666666667,323.8330835048905,0
-6,0,-3.8333333333333335,258.2199824840961,0
-6,0,-2.1666666666666665,114.54165293960571,0
-6,0,-1.8333333333333333,227.6751870657684,0
-6,0,-0.16666666666666666,679.6644362740549,0
-6,0,0.16666666666666666,652.2232832239233,0
-6,0,1.8333333333333333,217.34480940518134,0
-6,0,2.1666666666666665,84.92055513155765,0
-6,0,3.8333333333333335,159.75002443352352,0
-6,0,4.166666666666667,141.78618234158182,0
-6,0,5.833333333333333,24.08778932652836,0
-6,0,6.166666666666667,69.39182088799531,0
-6,0,9.833333333333334,6.523450294659207e-07,0
-6,0,10.166666666666666,11.446615163112394,0
-6,1,-9.166666666666666,139.3261954904991,0
-6,1,-8.833333333333334,31.791912087319663,0
-6,1,-7.166666666666667,126.53332161208348,0
-6,1,-6.833333333333333,224.6526552954188,0
-6,1,-5.166666666666667,435.50566244503415,0
-6,1,-4.833333333333333,326.4551149785006,0
-6,1,-3.1666666666666665,18.229912853767022,0
-6,1,-2.8333333333333335,1001.6788394422855,0
-6,1,-1.1666666666666667,323.5479224168297,0
-6,1,-0.8333333333333334,301.1378109800461,0
-6,1,0.8333333333333334,93.29647999974179,0
-6,1,1.1666666666666667,226.78991521435782,0
-6,1,2.8333333333333335,273.35091839254204,0
-6,1,3.1666666666666665,142.39342037862767,0
-6,1,4.833333333333333,163.95055414636522,0
-6,1,5.166666666666667,213.01899715357368,0
-6,1,6.833333333333333,160.4441083640985,0
-6,1,7.166666666666667,38.185449193172325,0
-6,1,8.833333333333334,1.3216274700187284e-11,0
-6,1,9.166666666666666,63.4431573955367,0
-6,2,-10.166666666666666,80.86731037971285,0
-6,2,-9.833333333333334,114.19724656324178,0
-6,2,-8.166666666666666,4.464921228343588,0
-6,2,-7.833333333333333,49.338362564841354,0
-6,2,-6.166666666666667,23.251408625456577,0
-6,2,-5.833333333333333,77.52720962785386,0
-6,2,-2.1666666666666665,3.911255699783535e-10,0
-6,2,-1.8333333333333333,339.9264956124304,0
-6,2,-0.16666666666666666,601.143757786597,0
-6,2,0.16666666666666666,325.7913090495839,0
-6,2,1.8333333333333333,168.038281480603,0
-6,2,2.1666666666666665,50.543732828284625,0
-6,2,3.8333333333333335,70.79600316804017,0
-6,2,4.166666666666667,108.79954715549202,0
-6,2,5.833333333333333,22.821215817810142,0
-6,2,6.166666666666667,49.90389031214829,0
-6,2,9.833333333333334,64.0616097150057,0
-6,2,10.166666666666666,42.538185194389605,0
-6,3,-9.166666666666666,108.07155201177434,0
-6,3,-8.833333333333334,58.107498395879766,0
-6,3,-7.166666666666667,75.04986366700018,0
-6,3,-6.833333333333333,176.65256763085478,0
-6,3,-5.166666666666667,381.09823527314853,0
-6,3,-4.833333333333333,183.71818337565549,0
-6,3,-3.1666666666666665,332.4920143775997,0
-6,3,-2.8333333333333335,231.89032525362722,0
-6,3,-1.1666666666666667,35.63909518569369,0
-6,3,-0.8333333333333334,125.86707672904492,0
-6,3,0.8333333333333334,45.9301182593679,0
-6,3,1.1666666666666667,149.94474748840577,0
-6,3,2.8333333333333335,249.0378199488549,0
-6,3,3.1666666666666665,130.92188670501187,0
-6,3,4.833333333333333,59.22350997682493,0
-6,3,5.166666666666667,146.2339926757387,0
-6,3,6.833333333333333,51.53616156811272,0
-6,3,7.166666666666667,28.060549799415316,0
-6,3,8.833333333333334,30.821771317333983,0
-6,3,9.166666666666666,42.65788430260956,0
-6,4,-8.166666666666666,224.5425675565474,0
-6,4,-7.833333333333333,181.30529567246523,0
-6,4,-6.166666666666667,101.63969692634726,0
-6,4,-5.833333333333333,36.277147375625766,0
-6,4,-4.166666666666667,25.24904408936206,0
-6,4,-3.8333333333333335,106.0640694909251,0
-6,4,-2.1666666666666665,14.716244093892143,0
-6,4,-1.8333333333333333,89.34494772745887,0
-6,4,-0.16666666666666666,182.04624026680594,0
-6,4,0.16666666666666666,206.17714032118747,0
-6,4,1.8333333333333333,56.62289012188035,0
-6,4,2.1666666666666665,44.64461302494497,0
-6,4,3.8333333333333335,84.89459340567721,0
-6,4,4.166666666666667,80.77144517677436,0
-6,4,5.833333333333333,23.916097226624277,0
-6,4,6.166666666666667,43.905843986622024,0
-6,4,7.833333333333333,119.32732458607187,0
-6,4,8.166666666666666,82.1415502355889,0
-6,4,9.833333333333334,49.95681170187594,0
-6,4,10.166666666666666,31.78428169351261,0
-5,-4,-9.166666666666666,51.205957157177906,0
-5,-4,-8.833333333333334,53.514636020845955,0
-5,-4,-7.166666666666667,96.63460188685265,0
-5,-4,-6.833333333333333,102.87279371209554,0
-5,-4,-5.166666666666667,164.8666083003184,0
-5,-4,-4.833333333333333,198.84261641352444,0
-5,-4,-1.1666666666666667,102.80324629804997,0
-5,-4,-0.8333333333333334,75.96330423863145,0
-5,-4,4.833333333333333,193.0645413511127,0
-5,-4,5.166666666666667,189.24501863658304,0
-5,-4,6.833333333333333,71.06856415227307,0
-5,-4,7.166666666666667,56.566123353098725,0
-5,-4,8.833333333333334,37.43568836015381,0
-5,-4,9.166666666666666,39.0548596237492,0
-5,-3,-10.166666666666666,137.23468537858534,0
-5,-3,-9.833333333333334,206.95579531257908,0
-5,-3,-8.166666666666666,105.77925536058424,0
-5,-3,-7.833333333333333,72.48304273497708,0
-5,-3,-4.166666666666667,16.346458472441125,0
-5,-3,-3.8333333333333335,21.023217614249802,0
-5,-3,-2.1666666666666665,278.51244010863684,0
-5,-3,-1.8333333333333333,379.48656408981304,0
-5,-3,3.8333333333333335,43.59352667785655,0
-5,-3,4.166666666666667,27.858006690198327,0
-5,-3,5.833333333333333,107.08770345535099,0
-5,-3,6.166666666666667,162.13189904134498,0
-5,-3,9.833333333333334,154.60014937954153,0
-5,-3,10.166666666666666,110.68780156663715,0
-5,-2,-7.166666666666667,73.94761424295629,0
-5,-2,-6.833333333333333,257.81997649239196,0
-5,-2,-5.166666666666667,132.68917051406441,0
-5,-2,-4.833333333333333,295.75315609629655,0
-5,-2,4.833333333333333,364.6709326735821,0
-5,-2,5.166666666666667,91.85583619500942,0
-5,-2,6.833333333333333,94.99818746035903,0
-5,-2,7.166666666666667,57.145925837976975,0
-5,-1,-8.166666666666666,204.32053745458552,0
-5,-1,-7.833333333333333,57.4595613468705,0
-5,-1,-6.166666666666667,211.83545027009285,0
-5,-1,-5.833333333333333,209.01032163522527,0
-5,-1,-4.166666666666667,66.49823040739152,0
-5,-1,-3.8333333333333335,59.94208939572101,0
-5,-1,3.8333333333333335,18.034235291001742,0
-5,-1,4.166666666666667,65.40054589044307,0
-5,-1,5.833333333333333,117.83795204648939,0
-5,-1,6.166666666666667,112.55956139040333,0
-5,-1,7.833333333333333,84.12035875084183,0
-5,-1,8.166666666666666,111.78802192167856,0
-5,0,-9.166666666666666,64.74215361340568,0
-5,0,-8.833333333333334,50.73296501993667,0
-5,0,-7.166666666666667,147.193643256712,0
-5,0,-6.833333333333333,145.95791910758115,0
-5,0,-5.166666666666667,307.4737876433104,0
-5,0,-4.833333333333333,382.41295352308674,0
-5,0,-3.1666666666666665,1433.4916085614832,0
-5,0,-2.8333333333333335,109.01954076426239,0
-5,0,4.833333333333333,249.00856364568423,0
-5,0,5.166666666666667,162.03135975242168,0
-5,0,6.833333333333333,46.182810705520254,0
-5,0,7.166666666666667,76.67607983826709,0
-5,0,8.833333333333334,29.443774342008886,0
-5,0,9.166666666666666,34.739117967768344,0
-5,1,-10.166666666666666,138.42572326268632,0
-5,1,-9.833333333333334,320.11354213975056,0
-5,1,-6.166666666666667,316.2611039162108,0
-5,1,-5.833333333333333,214.65492156748329,0
-5,1,-4.166666666666667,37.49633939423991,0
-5,1,-3.8333333333333335,50.33399874052163,0
-5,1,-2.1666666666666665,1162.8095955328374,0
-5,1,-1.8333333333333333,275.96590571822736,0
-5,1,-0.16666666666666666,289.7513885207644,0
-5,1,0.16666666666666666,268.6741151787344,0
-5,1,5.833333333333333,57.48977385515616,0
-5,1,6.166666666666667,178.4105551628147,0
-5,1,7.833333333333333,60.98963413146982,0
-5,1,8.166666666666666,85.29643083629523,0
-5,1,9.833333333333334,132.60085073461985,0
-5,1,10.166666666666666,47.60994364733123,0
-5,2,-9.166666666666666,75.53361337920362,0
-5,2,-8.833333333333334,158.86278929264702,0
-5,2,-7.166666666666667,294.39426590849234,0
-5,2,-6.833333333333333,65.80351220284042,0
-5,2,-5.166666666666667,310.21101638176026,0
-5,2,-4.833333333333333,379.15127214412115,0
-5,2,-3.1666666666666665,261.97808308808123,0
-5,2,-2.8333333333333335,290.3247500519699,0
-5,2,-1.1666666666666667,154.74329592854053,0
-5,2,-0.8333333333333334,90.86901770881764,0
-5,2,0.8333333333333334,85.24807269738001,0
-5,2,1.1666666666666667,95.42258847213397,0
-5,2,2.8333333333333335,151.39538176768113,0
-5,2,3.1666666666666665,137.96173400011614,0
-5,2,4.833333333333333,201.54513720500543,0
-5,2,5.166666666666667,150.6249899462135,0
-5,2,6.833333333333333,78.38329443508033,0
-5,2,7.166666666666667,37.66053079031189,0
-5,2,8.833333333333334,54.88853594288593,0
-5,2,9.166666666666666,30.254547667537853,0
-5,3,-10.166666666666666,286.889804454513,0
-5,3,-9.833333333333334,254.1206750838151,0
-5,3,-8.166666666666666,169.49786688087798,0
-5,3,-7.833333333333333,113.37055380443361,0
-5,3,-4.166666666666667,43.783810347811105,0
-5,3,-3.8333333333333335,41.74933634859716,0
-5,3,-2.1666666666666665,3.4908320579680545,0
-5,3,-1.8333333333333333,289.32388226526626,0
-5,3,1.8333333333333333,196.60443877100718,0
-5,3,2.1666666666666665,186.13286429708657,0
-5,3,3.8333333333333335,23.322975975367648,0
-5,3,4.166666666666667,24.194359422969676,0
-5,3,5.833333333333333,123.66083451058712,0
-5,3,6.166666666666667,159.7475646215134,0
-5,3,7.833333333333333,75.03081730835693,0
-5,3,8.166666666666666,81.75711786339247,0
-5,3,9.833333333333334,5.571241208337327e-12,0
-5,3,10.166666666666666,62.79388423890504,0
-5,4,-9.166666666666666,140.92098447309087,0
-5,4,-8.833333333333334,63.7042140296673,0
-5,4,-7.166666666666667,55.44358909557879,0
-5,4,-6.833333333333333,241.64550177840582,0
-5,4,-5.166666666666667,398.65363343139603,0
-5,4,-4.833333333333333,238.69064695385313,0
-5,4,-3.1666666666666665,265.8506823863046,0
-5,4,-2.8333333333333335,140.66652678497454,0
-5,4,-1.1666666666666667,140.54685166029526,0
-5,4,-0.8333333333333334,134.92724408261552,0
-5,4,0.8333333333333334,177.5051780828685,0
-5,4,1.1666666666666667,74.96663972839677,0
-5,4,2.8333333333333335,96.20165723460141,0
-5,4,3.1666666666666665,1.3483143094482033,0
-5,4,4.833333333333333,130.1534086754426,0
-5,4,5.166666666666667,99.45480522278757,0
-5,4,6.833333333333333,46.757364956366374,0
-5,4,7.166666666666667,44.61342741032979,0
-5,4,8.833333333333334,36.37214092594536,0
-5,4,9.166666666666666,23.338832399604613,0
-4,-4,-10.166666666666666,47.85863686293745,0
-4,-4,-9.833333333333334,96.93746149529926,0
-4,-4,-6.166666666666667,58.17372782082257,0
-4,-4,-5.833333333333333,37.622067244915456,0
-4,-4,-4.166666666666667,133.59261883532957,0
-4,-4,-3.8333333333333335,69.1800045584081,0
-4,-4,3.8333333333333335,151.57520016024662,0
-4,-4,4.166666666666667,136.44896249721515,0
-4,-4,5.833333333333333,43.783318902119326,0
-4,-4,6.166666666666667,46.15411783871138,0
-4,-4,7.833333333333333,99.20776440236118,0
-4,-4,8.166666666666666,122.6893641561818,0
-4,-4,9.833333333333334,36.108948445568736,0
-4,-4,10.166666666666666,10.292271771994002,0
-4,-3,-9.166666666666666,67.65008530280387,0
-4,-3,-8.833333333333334,46.17831625003398,0
-4,-3,-7.166666666666667,45.821699327093114,0
-4,-3,-6.833333333333333,130.32768878808878,0
-4,-3,-5.166666666666667,196.7240583959539,0
-4,-3,-4.833333333333333,1078.8529590392857,0
-4,-3,0.8333333333333334,107.58754208356805,0
-4,-3,1.1666666666666667,87.31731123687274,0
-4,-3,4.833333333333333,240.76174709138886,0
-4,-3,5.166666666666667,78.24038228924326,0
-4,-3,6.833333333333333,117.08659483815684,0
-4,-3,7.166666666666667,50.02396759842687,0
-4,-3,8.833333333333334,19.642657843892668,0
-4,-3,9.166666666666666,37.91874477236417,0
-4,-2,-10.166666666666666,29.30734444021394,0
-4,-2,-9.833333333333334,77.8038030877245,0
-4,-2,-8.166666666666666,415.5005913846538,0
-4,-2,-7.833333333333333,196.215939932461,0
-4,-2,-6.166666666666667,76.0078592233496,0
-4,-2,-5.833333333333333,1.7875162837332619,0
-4,-2,-2.1666666666666665,123.35792983600074,0
-4,-2,-1.8333333333333333,255.6537769716975,0
-4,-2,-0.16666666666666666,895.5142262447046,0
-4,-2,0.16666666666666666,1488.4459415315096,0
-4,-2,1.8333333333333333,166.29532666106923,0
-4,-2,2.1666666666666665,52.28519720772711,0
-4,-2,3.8333333333333335,183.1658919615624,0
-4,-2,4.166666666666667,162.49133975806632,0
-4,-2,7.833333333333333,137.42731439114067,0
-4,-2,8.166666666666666,128.82101812575794,0
-4,-2,9.833333333333334,38.06006535090499,0
-4,-2,10.166666666666666,35.3978381638484,0
-4,-1,-9.166666666666666,51.85397695612438,0
-4,-1,-8.833333333333334,41.38299426937702,0
-4,-1,-5.166666666666667,162.22740859204575,0
-4,-1,-4.833333333333333,446.33470932542446,0
-4,-1,-3.1666666666666665,411.80573631209444,0
-4,-1,-2.8333333333333335,211.19720852368744,0
-4,-1,-1.1666666666666667,13.918698116793035,0
-4,-1,-0.8333333333333334,40.0229273763314,0
-4,-1,0.8333333333333334,80.05251759976636,0
-4,-1,1.1666666666666667,700.7892148243877,0
-4,-1,2.8333333333333335,236.7499106583921,0
-4,-1,3.1666666666666665,353.9855011699478,0
-4,-1,4.833333333333333,136.7781889054534,0
-4,-1,5.166666666666667,267.1853195548873,0
-4,-1,8.833333333333334,17.64207398159152,0
-4,-1,9.166666666666666,61.094638485029854,0
-4,0,-10.166666666666666,60.865651311395965,0
-4,0,-9.833333333333334,114.23830470030872,0
-4,0,-8.166666666666666,559.9593023321445,0
-4,0,-7.833333333333333,120.88247464386961,0
-4,0,-6.166666666666667,93.33644317753091,0
-4,0,-5.833333333333333,13.978666756037196,0
-4,0,-4.166666666666667,161.42368562939117,0
-4,0,-3.8333333333333335,223.83928493435442,0
-4,0,-2.1666666666666665,305.32794284291066,0
-4,0,-1.8333333333333333,127.5724076444466,0
-4,0,-0.16666666666666666,4469.919146305136,0
-4,0,0.16666666666666666,1587.9893563045975,0
-4,0,1.8333333333333333,405.97003659859735,0
-4,0,2.1666666666666665,125.11270791439897,0
-4,0,9.833333333333334,49.885281217378065,0
-4,0,10.166666666666666,21.428561648367243,0
-4,1,-9.166666666666666,131.20735383762946,0
-4,1,-8.833333333333334,1.8540318682140073e-11,0
-4,1,-5.166666666666667,572.2631441810803,0
-4,1,-4.833333333333333,210.4810897868959,0
-4,1,-3.1666666666666665,125.43536429840958,0
-4,1,-2.8333333333333335,229.28754219473424,0
-4,1,-1.1666666666666667,216.40688330607202,0
-4,1,-0.8333333333333334,6.775748638024339,0
-4,1,0.8333333333333334,133.30538097750036,0
-4,1,1.1666666666666667,375.48130209709177,0
-4,1,2.8333333333333335,209.38472514666472,0
-4,1,3.1666666666666665,172.35152469602747,0
-4,1,4.833333333333333,42.782140681273,0
-4,1,5.166666666666667,217.42735829253616,0
-4,1,6.833333333333333,145.95170086704735,0
-4,1,7.166666666666667,36.02551651174252,0
-4,1,8.833333333333334,13.7076261552597,0
-4,1,9.166666666666666,40.700494177918394,0
-4,2,-10.166666666666666,60.080972256375155,0
-4,2,-9.833333333333334,101.9931371616108,0
-4,2,-6.166666666666667,31.81032982945243,0
-4,2,-5.833333333333333,11.587922929884845,0
-4,2,-4.166666666666667,122.29605081985795,0
-4,2,-3.8333333333333335,104.2525774767344,0
-4,2,-2.1666666666666665,31.467451317604805,0
-4,2,-1.8333333333333333,120.3327478253066,0
-4,2,-0.16666666666666666,353.2865722801592,0
-4,2,0.16666666666666666,622.9522965859584,0
-4,2,1.8333333333333333,122.47150096910991,0
-4,2,2.1666666666666665,94.24799232460201,0
-4,2,3.8333333333333335,172.23846342228677,0
-4,2,4.166666666666667,584.4486919767628,0
-4,2,5.833333333333333,12.263609026177235,0
-4,2,6.166666666666667,60.82264326185342,0
-4,2,9.833333333333334,43.56054249312145,0
-4,2,10.166666666666666,26.809223108110945,0
-4,3,-9.166666666666666,84.55987832228607,0
-4,3,-8.833333333333334,50.62434038020703,0
-4,3,-7.166666666666667,70.0127431265174,0
-4,3,-6.833333333333333,162.66386270175346,0
-4,3,-1.1666666666666667,145.09338478132818,0
-4,3,-0.8333333333333334,18.00240767037823,0
-4,3,0.8333333333333334,36.869111573842375,0
-4,3,1.1666666666666667,67.98374266760995,0
-4,3,2.8333333333333335,160.45896962690915,0
-4,3,3.1666666666666665,202.8106397072692,0
-4,3,4.833333333333333,215.37977180366505,0
-4,3,5.166666666666667,158.32405191504927,0
-4,3,6.833333333333333,118.783854674197,0
-4,3,7.166666666666667,30.193526863108634,0
-4,3,8.833333333333334,10.928432086818859,0
-4,3,9.166666666666666,29.78409774556824,0
-4,4,-10.166666666666666,53.030193436896354,0
-4,4,-9.833333333333334,4.7436937820749615e-12,0
-4,4,-8.166666666666666,1882.918495514363,0
-4,4,-7.833333333333333,185.49672252739765,0
-4,4,-6.166666666666667,111.17727825598786,0
-4,4,-5.833333333333333,31.24747902970196,0
-4,4,-4.166666666666667,186.86974261530452,0
-4,4,-3.8333333333333335,138.56132735426084,0
-4,4,-2.1666666666666665,209.55295314850486,0
-4,4,-1.8333333333333333,175.49060674428407,0
-4,4,-0.16666666666666666,736.8251390249544,0
-4,4,0.16666666666666666,328.26696330747905,0
-4,4,1.8333333333333333,209.93024787430593,0
-4,4,2.1666666666666665,22.94176402330843,0
-4,4,3.8333333333333335,106.50421751096366,0
-4,4,4.166666666666667,102.92212555529667,0
-4,4,5.833333333333333,25.872355880124744,0
-4,4,6.166666666666667,45.872524280234984,0
-4,4,7.833333333333333,120.27106460999725,0
-4,4,8.166666666666666,187.70418389647048,0
-4,4,9.833333333333334,55.940548797971026,0
-4,4,10.166666666666666,35.41567961987754,0
-3,-4,-7.166666666666667,4.99827571932213e-13,0
-3,-4,-6.833333333333333,164.52505071487116,0
-3,-4,-5.166666666666667,164.0062772550212,0
-3,-4,-4.833333333333333,196.30248318074428,0
-3,-4,-1.1666666666666667,83.94307432905956,0
-3,-4,-0.8333333333333334,68.52423308937132,0
-3,-4,0.8333333333333334,46.557422379722034,0
-3,-4,1.1666666666666667,179.1228581827873,0
-3,-4,2.8333333333333335,50.072255447780144,0
-3,-4,3.1666666666666665,0.5551182424243579,0
-3,-4,8.833333333333334,33.58151956579802,0
-3,-4,9.166666666666666,37.116611435994784,0
-3,-3,-10.166666666666666,101.00574680168323,0
-3,-3,-9.833333333333334,214.22316832577218,0
-3,-3,-8.166666666666666,107.51351230094458,0
-3,-3,-7.833333333333333,32.337203007263945,0
-3,-3,-4.166666666666667,13.12479436509769,0
-3,-3,-3.8333333333333335,11.45732710923754,0
-3,-3,-2.1666666666666665,467.2430918558127,0
-3,-3,-1.8333333333333333,483.76783945230034,0
-3,-3,-0.16666666666666666,695.3153327566554,0
-3,-3,0.16666666666666666,282.38395528487456,0
-3,-3,1.8333333333333333,442.71654329511534,0
-3,-3,2.1666666666666665,329.3995001253836,0
-3,-3,3.8333333333333335,45.76723646106077,0
-3,-3,4.166666666666667,32.71901601558298,0
-3,-3,9.833333333333334,49.22890301543851,0
-3,-3,10.166666666666666,78.63840511705214,0
-3,-2,-7.166666666666667,142.11812739382808,0
-3,-2,-6.833333333333333,165.75427526103502,0
-3,-2,-5.166666666666667,179.6568226155419,0
-3,-2,-4.833333333333333,454.77763243975994,0
-3,-2,-3.1666666666666665,493.06911180530824,0
-3,-2,-2.8333333333333335,245.5190995220752,0
-3,-2,-1.1666666666666667,112.11778831044684,0
-3,-2,-0.8333333333333334,111.01108925364133,0
-3,-2,0.8333333333333334,146.9267326038894,0
-3,-2,1.1666666666666667,104.69864527377243,0
-3,-2,2.8333333333333335,162.2729057314004,0
-3,-2,3.1666666666666665,342.66100207163583,0
-3,-2,4.833333333333333,308.8510731271197,0
-3,-2,5.166666666666667,175.19014501969178,0
-3,-2,6.833333333333333,49.385195790566556,0
-3,-2,7.166666666666667,0.2846798906492589,0
-3,-1,-8.166666666666666,21.614694163121733,0
-3,-1,-7.833333333333333,96.1474195477801,0
-3,-1,-6.166666666666667,251.81020140580907,0
-3,-1,-5.833333333333333,173.4181908574325,0
-3,-1,-4.166666666666667,19.432124752536676,0
-3,-1,-3.8333333333333335,22.882952579933942,0
-3,-1,-2.1666666666666665,192.6027018453671,0
-3,-1,-1.8333333333333333,545.6732181273363,0
-3,-1,-0.16666666666666666,354.155765254292,0
-3,-1,0.16666666666666666,166.2467914941976,0
-3,-1,1.8333333333333333,589.0662240465399,0
-3,-1,2.1666666666666665,225.90147484343538,0
-3,-1,3.8333333333333335,27.28509487124482,0
-3,-1,4.166666666666667,10.733837671599742,0
-3,-1,5.833333333333333,96.8822038823957,0
-3,-1,6.166666666666667,167.0769661004354,0
-3,-1,7.833333333333333,45.162514335229055,0
-3,-1,8.166666666666666,89.92745445582786,0
-3,-1,9.833333333333334,116.62570053504234,0
-3,-1,10.166666666666666,102.77697829178665,0
-3,0,-9.166666666666666,29.24103712725914,0
-3,0,-8.833333333333334,25.711978358032674,0
-3,0,-7.166666666666667,61.05144497201148,0
-3,0,-6.833333333333333,77.4030511229899,0
-3,0,-5.166666666666667,0.9778158662162416,0
-3,0,-4.833333333333333,250.15135022457315,0
-3,0,-3.1666666666666665,360.30552946262344,0
-3,0,-2.8333333333333335,63.61878636580549,0
-3,0,-1.1666666666666667,43.113401800040606,0
-3,0,-0.8333333333333334,93.17017650107312,0
-3,0,0.8333333333333334,386.14058239733475,0
-3,0,1.1666666666666667,81.76036062699873,0
-3,0,2.8333333333333335,67.59997190052464,0
-3,0,3.1666666666666665,405.69290597675257,0
-3,0,4.833333333333333,334.8404444097459,0
-3,0,5.166666666666667,109.98411943499092,0
-3,0,6.833333333333333,63.85295307157436,0
-3,0,7.166666666666667,95.2455573567693,0
-3,0,8.833333333333334,32.72178850339563,0
-3,0,9.166666666666666,12.652493696560024,0
-3,1,-10.166666666666666,94.87327202181231,0
-3,1,-9.833333333333334,160.30286346144013,0
-3,1,-8.166666666666666,65.41929077950118,0
-3,1,-7.833333333333333,37.817220737894395,0
-3,1,-6.166666666666667,144.35689023544433,0
-3,1,-5.833333333333333,65.70957962171298,0
-3,1,-4.166666666666667,9.88056318760027,0
-3,1,-3.8333333333333335,13.321249793124663,0
-3,1,-2.1666666666666665,529.410373097174,0
-3,1,-1.8333333333333333,295.62957626437134,0
-3,1,-0.16666666666666666,127.3547385349942,0
-3,1,0.16666666666666666,172.6613191522243,0
-3,1,1.8333333333333333,692.7745170993147,0
-3,1,2.1666666666666665,175.7814644436619,0
-3,1,3.8333333333333335,15.356478446444564,0
-3,1,4.166666666666667,15.211489066658851,0
-3,1,5.833333333333333,75.666514854834,0
-3,1,6.166666666666667,256.78622155201066,0
-3,1,7.833333333333333,204.18327770215035,0
-3,1,8.166666666666666,62.93636839872586,0
-3,2,-9.166666666666666,132.67726402151638,0
-3,2,-8.833333333333334,13.179968337605828,0
-3,2,-7.166666666666667,19.710712903423524,0
-3,2,-6.833333333333333,32.47445237748411,0
-3,2,-5.166666666666667,48.75528334469232,0
-3,2,-4.833333333333333,338.0914122372234,0
-3,2,-3.1666666666666665,260.21487709298276,0
-3,2,-2.8333333333333335,112.57801929008993,0
-3,2,-1.1666666666666667,198.34535354011112,0
-3,2,-0.8333333333333334,52.562944141281655,0
-3,2,0.8333333333333334,329.3793444554325,0
-3,2,1.1666666666666667,71.18005700013093,0
-3,2,2.8333333333333335,484.5412894259498,0
-3,2,3.1666666666666665,393.10304219495043,0
-3,2,4.833333333333333,248.62461476402245,0
-3,2,5.166666666666667,74.48108869767474,0
-3,2,6.833333333333333,222.9620557953385,0
-3,2,7.166666666666667,101.81753778578656,0
-3,3,-10.166666666666666,855.1423379780052,0
-3,3,-9.833333333333334,231.86350411412886,0
-3,3,-8.166666666666666,158.32871353977046,0
-3,3,-7.833333333333333,4.562752609029175e-12,0
-3,3,-0.16666666666666666,585.4965109518415,0
-3,3,0.16666666666666666,144.60066582975162,0
-3,3,1.8333333333333333,1086.451809368356,0
-3,3,2.1666666666666665,165.22449218744728,0
-3,3,3.8333333333333335,19.002966587247496,0
-3,3,4.166666666666667,14.614162875262885,0
-3,3,5.833333333333333,699.6174704206367,0
-3,3,6.166666666666667,451.1462948911586,0
-3,3,7.833333333333333,55.668158917323915,0
-3,3,8.166666666666666,93.41078371815914,0
-3,3,9.833333333333334,114.00322658252654,0
-3,3,10.166666666666666,96.20227694917172,0
-3,4,-9.166666666666666,31.56745847374031,0
-3,4,-8.833333333333334,30.601200881973472,0
-3,4,-7.166666666666667,202.6013828588463,0
-3,4,-6.833333333333333,163.52012119023325,0
-3,4,-5.166666666666667,1106.7858537297436,0
-3,4,-4.833333333333333,273.79441968990926,0
-3,4,2.8333333333333335,173.4968280531783,0
-3,4,3.1666666666666665,123.75613942705347,0
-3,4,4.833333333333333,123.9052977287589,0
-3,4,5.166666666666667,264.19776921360017,0
-3,4,6.833333333333333,47.851657495302724,0
-3,4,7.166666666666667,30.436807524371723,0
-3,4,8.833333333333334,30.86041864428805,0
-3,4,9.166666666666666,24.856689146467506,0
-2,-4,-10.166666666666666,202.71099866665296,0
-2,-4,-9.833333333333334,102.77812269652766,0
-2,-4,-6.166666666666667,18.115147513277773,0
-2,-4,-5.833333333333333,38.23011100921774,0
-2,-4,-4.166666666666667,62.240179372902425,0
-2,-4,-3.8333333333333335,75.6543676350015,0
-2,-4,-2.1666666666666665,24.523386985680553,0
-2,-4,-1.8333333333333333,67.68805600524023,0
-2,-4,3.8333333333333335,100.08596080883804,0
-2,-4,4.166666666666667,100.62072394757178,0
-2,-4,5.833333333333333,54.354715263774324,0
-2,-4,6.166666666666667,66.63275635417234,0
-2,-3,-7.166666666666667,22.981324755729013,0
-2,-3,-6.833333333333333,52.289269128570936,0
-2,-3,-5.166666666666667,255.4614854252822,0
-2,-3,-4.833333333333333,593.7836315357421,0
-2,-3,-3.1666666666666665,229.48834353896834,0
-2,-3,-2.8333333333333335,112.82201576025011,0
-2,-3,-1.1666666666666667,104.57897535731878,0
-2,-3,-0.8333333333333334,58.88473287668477,0
-2,-3,0.8333333333333334,57.020365350994375,0
-2,-3,1.1666666666666667,64.37766483804806,0
-2,-3,2.8333333333333335,117.75453129642223,0
-2,-3,3.1666666666666665,233.60168497206166,0
-2,-3,4.833333333333333,139.7530107533525,0
-2,-3,5.166666666666667,107.89928206061265,0
-2,-3,6.833333333333333,151.09936508487627,0
-2,-3,7.166666666666667,38.04049950316629,0
-2,-3,8.833333333333334,22.739657062376633,0
-2,-3,9.166666666666666,24.332172789769604,0
-2,-2,-8.166666666666666,11.788010891916768,0
-2,-2,-7.833333333333333,17.944377328570376,0
-2,-2,-6.166666666666667,46.652501365535954,0
-2,-2,-5.833333333333333,13.96187847553175,0
-2,-2,-4.166666666666667,99.85741127793119,0
-2,-2,-3.8333333333333335,101.76089236860489,0
-2,-2,-2.1666666666666665,51.85631709573476,0
-2,-2,-1.8333333333333333,148.21339084351655,0
-2,-2,-0.16666666666666666,379.96123464145006,0
-2,-2,0.16666666666666666,1226.9018825508285,0
-2,-2,1.8333333333333333,93.89820898360931,0
-2,-2,2.1666666666666665,41.561256835744075,0
-2,-2,3.8333333333333335,76.26864956358811,0
-2,-2,4.166666666666667,80.93225360378413,0
-2,-2,5.833333333333333,9.990792754770151,0
-2,-2,6.166666666666667,42.52988612091315,0
-2,-2,7.833333333333333,32.568115572822705,0
-2,-2,8.166666666666666,199.08430314605306,0
-2,-2,9.833333333333334,30.366588923933204,0
-2,-2,10.166666666666666,14.27210913588601,0
-2,-1,-9.166666666666666,31.429610589846764,0
-2,-1,-8.833333333333334,6.703530399947462,0
-2,-1,-7.166666666666667,9.432411279433913,0
-2,-1,-6.833333333333333,72.11403154215068,0
-2,-1,-5.166666666666667,135.70994951041368,0
-2,-1,-4.833333333333333,125.06914547242661,0
-2,-1,-3.1666666666666665,55.52385136206551,0
-2,-1,-2.8333333333333335,22.171660217007357,0
-2,-1,-1.1666666666666667,128.68244722311078,0
-2,-1,-0.8333333333333334,44.634389038155625,0
-2,-1,0.8333333333333334,4.0968029675122217e-22,0
-2,-1,1.1666666666666667,158.32757091469273,0
-2,-1,2.8333333333333335,81.5733032877515,0
-2,-1,3.1666666666666665,65.90316612423432,0
-2,-1,4.833333333333333,111.29023256813251,0
-2,-1,5.166666666666667,183.8176837854497,0
-2,-1,6.833333333333333,70.10083568718095,0
-2,-1,7.166666666666667,12.527072251621346,0
-2,-1,8.833333333333334,11.042348534955359,0
-2,-1,9.166666666666666,31.55725455282009,0
-2,0,-10.166666666666666,5.847196366030414e-11,0
-2,0,-9.833333333333334,44.83430697830889,0
-2,0,-8.166666666666666,77.5180988439371,0
-2,0,-7.833333333333333,3.251457944913792e-09,0
-2,0,-6.166666666666667,31.271541461706388,0
-2,0,-5.833333333333333,5.111648676163056,0
-2,0,-4.166666666666667,0.00013610329994701516,0
-2,0,-3.8333333333333335,11.118366318311276,0
-2,0,-2.1666666666666665,2.215722779196497e-11,0
-2,0,-1.8333333333333333,122.20298171835714,0
-2,0,-0.16666666666666666,5.533959656701858e-12,0
-2,0,0.16666666666666666,521.0041990010894,0
-2,0,1.8333333333333333,68.62007414882133,0
-2,0,2.1666666666666665,13.644672020694303,0
-2,0,3.8333333333333335,70.06202182819048,0
-2,0,4.166666666666667,35.7737855228259,0
-2,0,5.833333333333333,6.31684835785901,0
-2,0,6.166666666666667,32.778594240638945,0
-2,0,7.833333333333333,21.57684989403845,0
-2,0,8.166666666666666,19.02346376438898,0
-2,0,9.833333333333334,35.139938176378735,0
-2,0,10.166666666666666,15.24245396662498,0
-2,1,-9.166666666666666,14.590485650257927,0
-2,1,-8.833333333333334,7.122530882785195e-10,0
-2,1,-7.166666666666667,3.025168466526765e-11,0
-2,1,-6.833333333333333,45.94374481938167,0
-2,1,-5.166666666666667,41.79073770715582,0
-2,1,-4.833333333333333,39.03989278838849,0
-2,1,-3.1666666666666665,2.3626359673778396e-19,0
-2,1,-2.8333333333333335,87.14694946809702,0
-2,1,-1.1666666666666667,87.05388903251755,0
-2,1,-0.8333333333333334,10.912472984276215,0
-2,1,0.8333333333333334,3.9215938015059704e-11,0
-2,1,1.1666666666666667,107.26386775315731,0
-2,1,2.8333333333333335,94.03530077080825,0
-2,1,3.1666666666666665,174.60341809004632,0
-2,1,4.833333333333333,41.9604510636899,0
-2,1,5.166666666666667,7.0416287972267675,0
-2,1,6.833333333333333,81.8700480711412,0
-2,1,7.166666666666667,1.9343993944316367e-19,0
-2,1,8.833333333333334,6.747775808462377,0
-2,1,9.166666666666666,18.818971454412946,0
-2,2,-10.166666666666666,6.810482283574825,0
-2,2,-9.833333333333334,23.909498765297005,0
-2,2,-8.166666666666666,90.50247764323277,0
-2,2,-7.833333333333333,79.73826998921417,0
-2,2,-6.166666666666667,24.66103227019311,0
-2,2,-5.833333333333333,0.3324968788871568,0
-2,2,-4.166666666666667,12.92289601755025,0
-2,2,-3.8333333333333335,88.75826882626446,0
-2,2,-2.1666666666666665,2.1383200739167654,0
-2,2,-1.8333333333333333,66.35239103219507,0
-2,2,-0.16666666666666666,720.1615521118267,0
-2,2,0.16666666666666666,570.961550783596,0
-2,2,1.8333333333333333,64.91535582030725,0
-2,2,2.1666666666666665,21.836057952855718,0
-2,2,3.8333333333333335,200.47748620494394,0
-2,2,4.166666666666667,15.760087525088892,0
-2,2,5.833333333333333,0.7128135162403534,0
-2,2,6.166666666666667,48.38343740113766,0
-2,2,7.833333333333333,480.10527427541246,0
-2,2,8.166666666666666,259.646826712797,0
-2,2,9.833333333333334,72.62262456001147,0
-2,2,10.166666666666666,36.5704295071172,0
-2,3,-7.166666666666667,16.471241219145814,0
-2,3,-6.833333333333333,202.93658108756506,0
-2,3,-5.166666666666667,226.36333934094569,0
-2,3,-4.833333333333333,101.2479040139345,0
-2,3,-3.1666666666666665,25.21743107911019,0
-2,3,-2.8333333333333335,58.572261741713916,0
-2,3,-1.1666666666666667,451.59952526294046,0
-2,3,-0.8333333333333334,66.8432236688653,0
-2,3,0.8333333333333334,156.76434649019697,0
-2,3,1.1666666666666667,71.4849956690456,0
-2,3,2.8333333333333335,316.2486317539252,0
-2,3,3.1666666666666665,335.60255501498995,0
-2,3,4.833333333333333,191.41243274812905,0
-2,3,5.166666666666667,149.37051271217516,0
-2,3,6.833333333333333,94.12895338860157,0
-2,3,7.166666666666667,29.39055195513948,0
-2,4,-10.166666666666666,103.96006324751714,0
-2,4,-9.833333333333334,97.34600227506657,0
-2,4,-8.166666666666666,133.12810743950547,0
-2,4,-7.833333333333333,161.53626477958747,0
-2,4,-6.166666666666667,75.12403301535014,0
-2,4,-5.833333333333333,36.08061657674097,0
-2,4,-0.16666666666666666,539.3215626325879,0
-2,4,0.16666666666666666,504.07433634381704,0
-2,4,1.8333333333333333,189.81115399568162,0
-2,4,2.1666666666666665,77.94892013499685,0
-2,4,3.8333333333333335,190.95716431858037,0
-2,4,4.166666666666667,90.15526890604929,0
-2,4,5.833333333333333,18.73966270559885,0
-2,4,6.166666666666667,0.03819070912660914,0
-2,4,7.833333333333333,152.03977409812433,0
-2,4,8.166666666666666,180.8598090430552,0
-2,4,9.833333333333334,57.33359443387312,0
-2,4,10.166666666666666,15.329327692850383,0
-1,-4,-9.166666666666666,70.62497313302553,0
-1,-4,-8.833333333333334,157.21834488725534,0
-1,-4,-7.166666666666667,6.94301552264556,0
-1,-4,-6.833333333333333,56.17723733898298,0
-1,-4,-5.166666666666667,54.12661880546206,0
-1,-4,-4.833333333333333,57.100261026568454,0
-1,-4,-3.1666666666666665,92.42008770049253,0
-1,-4,-2.8333333333333335,92.19867513058269,0
-1,-4,-1.1666666666666667,97.62074757544438,0
-1,-4,-0.8333333333333334,7.097852405618453,0
-1,-4,0.8333333333333334,18.655781035751,0
-1,-4,1.1666666666666667,120.98019137387887,0
-1,-4,2.8333333333333335,72.27725061062239,0
-1,-4,3.1666666666666665,90.87144588891414,0
-1,-4,4.833333333333333,105.69767382956447,0
-1,-4,5.166666666666667,216.33121966488858,0
-1,-4,6.833333333333333,63.339025509475874,0
-1,-4,7.166666666666667,16.13277559752347,0
-1,-4,8.833333333333334,18.11169461386877,0
-1,-4,9.166666666666666,53.81122474738772,0
-1,-3,-8.166666666666666,26.69309109002462,0
-1,-3,-7.833333333333333,18.208321608726717,0
-1,-3,-6.166666666666667,6.396842802008312,0
-1,-3,-5.833333333333333,25.455239485505256,0
-1,-3,-4.166666666666667,3.914832128151492,0
-1,-3,-3.8333333333333335,16.029813058652966,0
-1,-3,-2.1666666666666665,170.87428385997046,0
-1,-3,-1.8333333333333333,317.3373296179303,0
-1,-3,-0.16666666666666666,3.2886815964197206e-11,0
-1,-3,0.16666666666666666,239.16297966943912,0
-1,-3,1.8333333333333333,198.0696304730893,0
-1,-3,2.1666666666666665,217.02586015401914,0
-1,-3,3.8333333333333335,9.416394193933813,0
-1,-3,4.166666666666667,5.9982343053353535,0
-1,-3,5.833333333333333,32.62537331499275,0
-1,-3,6.166666666666667,91.01279846973772,0
-1,-3,7.833333333333333,3.6043832400066434e-11,0
-1,-3,8.166666666666666,53.15459035438231,0
-1,-2,-9.166666666666666,6.000305145154155,0
-1,-2,-8.833333333333334,2.648196464547299,0
-1,-2,-7.166666666666667,17.501290464951758,0
-1,-2,-6.833333333333333,49.187210069754244,0
-1,-2,-5.166666666666667,29.287632290262696,0
-1,-2,-4.833333333333333,40.3965072829799,0
-1,-2,-3.1666666666666665,77.77174672515459,0
-1,-2,-2.8333333333333335,114.80913786563318,0
-1,-2,-1.1666666666666667,107.95416407975394,0
-1,-2,-0.8333333333333334,20.933189322262475,0
-1,-2,0.8333333333333334,18.376196911519685,0
-1,-2,1.1666666666666667,104.47344713077435,0
-1,-2,2.8333333333333335,9.627674401193419,0
-1,-2,3.1666666666666665,11.912419871622891,0
-1,-2,4.833333333333333,14.926613928634872,0
-1,-2,5.166666666666667,31.423467558937222,0
-1,-2,6.833333333333333,32.14495779574303,0
-1,-2,7.166666666666667,9.584507520674817,0
-1,-2,8.833333333333334,2.953533137934142e-12,0
-1,-2,9.166666666666666,19.330474004195036,0
-1,-1,-10.166666666666666,2.039031568504363e-10,0
-1,-1,-9.833333333333334,8.440567373727487e-12,0
-1,-1,-8.166666666666666,4.7231985157031025,0
-1,-1,-7.833333333333333,3.9840816465552527,0
-1,-1,-6.166666666666667,3.902561333373898e-11,0
-1,-1,-5.833333333333333,1.4795758284664524e-11,0
-1,-1,-4.166666666666667,0.002988265953986471,0
-1,-1,-3.8333333333333335,5.542285238532639,0
-1,-1,-2.1666666666666665,1.4725786458267773e-09,0
-1,-1,-1.8333333333333333,0.00024211592077100395,0
-1,-1,-0.16666666666666666,42.23562603154224,0
-1,-1,0.16666666666666666,70.74768818004223,0
-1,-1,1.8333333333333333,0.04667162438636439,0
-1,-1,2.1666666666666665,0.9477953684722554,0
-1,-1,3.8333333333333335,3.0710462431281718,0
-1,-1,4.166666666666667,0.0007592817018248807,0
-1,-1,5.833333333333333,0.029198317804097308,0
-1,-1,6.166666666666667,0.34312487368096384,0
-1,-1,7.833333333333333,0.0003656067710728882,0
-1,-1,8.166666666666666,4.06345818291226,0
-1,-1,9.833333333333334,0.0016236510814138906,0
-1,-1,10.166666666666666,0.269006610638568,0
-1,0,-9.166666666666666,1.878739265462633e-11,0
-1,0,-8.833333333333334,4.419823744145254e-11,0
-1,0,-7.166666666666667,3.3254771411081683e-13,0
-1,0,-6.833333333333333,2.1795921670519774e-12,0
-1,0,-5.166666666666667,0.6940111980343849,0
-1,0,-4.833333333333333,1.4080349918294945,0
-1,0,-3.1666666666666665,1.3008922891276538e-09,0
-1,0,-2.8333333333333335,1.809906976894815e-10,0
-1,0,-1.1666666666666667,2.6958194236341897e-17,0
-1,0,-0.8333333333333334,1.5838559789469728e-16,0
-1,0,0.8333333333333334,2.531657516071273e-12,0
-1,0,1.1666666666666667,1.756835001404001e-15,0
-1,0,2.8333333333333335,5.428819768263456e-12,0
-1,0,3.1666666666666665,1.9537673163590177e-11,0
-1,0,4.833333333333333,0.11068418893140768,0
-1,0,5.166666666666667,0.0004326501172296508,0
-1,0,6.833333333333333,1.0611037508394071e-18,0
-1,0,7.166666666666667,6.468125560121838e-19,0
-1,0,8.833333333333334,7.151986254008676e-13,0
-1,0,9.166666666666666,4.447212278664212e-16,0
-1,1,-10.166666666666666,1.6291552618960017e-07,0
-1,1,-9.833333333333334,0.0013320653927881105,0
-1,1,-8.166666666666666,5.481815356191815e-12,0
-1,1,-7.833333333333333,1.1193760258528144e-10,0
-1,1,-6.166666666666667,3.098602032070182e-13,0
-1,1,-5.833333333333333,5.141330629054907e-13,0
-1,1,-4.166666666666667,0.0020312435575985297,0
-1,1,-3.8333333333333335,5.389256996105849,0
-1,1,-2.1666666666666665,1.1236665443951175e-05,0
-1,1,-1.8333333333333333,8.804783964040672e-08,0
-1,1,-0.16666666666666666,0.8197074754020311,0
-1,1,0.16666666666666666,0.4695933900342211,0
-1,1,1.8333333333333333,1.063909470604522e-15,0
-1,1,2.1666666666666665,2.0795047596890625e-17,0
-1,1,3.8333333333333335,5.912880312193996e-16,0
-1,1,4.166666666666667,3.12575993848353e-16,0
-1,1,5.833333333333333,1.8848331552774205,0
-1,1,6.166666666666667,2.864266200603567,0
-1,1,7.833333333333333,1.5944583095397992e-13,0
-1,1,8.166666666666666,1.1948684821436797e-07,0
-1,1,9.833333333333334,3.071286130674572e-11,0
-1,1,10.166666666666666,1.7299004712023217e-15,0
-1,2,-9.166666666666666,12.878446249132281,0
-1,2,-8.833333333333334,3.467357831396838,0
-1,2,-7.166666666666667,6.058205870879866e-11,0
-1,2,-6.833333333333333,41.93917929774134,0
-1,2,-5.166666666666667,0.39762938393598113,0
-1,2,-4.833333333333333,54.18983031495625,0
-1,2,-3.1666666666666665,24.464087283984746,0
-1,2,-2.8333333333333335,13.05913713574397,0
-1,2,-1.1666666666666667,3.161698066589911,0
-1,2,-0.8333333333333334,20.282223492406484,0
-1,2,0.8333333333333334,0.9540293661548621,0
-1,2,1.1666666666666667,70.04442993229226,0
-1,2,2.8333333333333335,85.07212069223473,0
-1,2,3.1666666666666665,117.75030209772144,0
-1,2,4.833333333333333,19.77378959882294,0
-1,2,5.166666666666667,31.343993202327855,0
-1,2,6.833333333333333,49.00012376217259,0
-1,2,7.166666666666667,10.837609710186358,0
-1,2,8.833333333333334,7.457217237148153,0
-1,2,9.166666666666666,22.217187377398357,0
-1,3,-10.166666666666666,58.63481002664151,0
-1,3,-9.833333333333334,38.61734286930828,0
-1,3,-8.166666666666666,39.48201128461795,0
-1,3,-7.833333333333333,2.3337370916092843,0
-1,3,-6.166666666666667,97.10782096131172,0
-1,3,-5.833333333333333,23.593986250830334,0
-1,3,-4.166666666666667,8.402536173737259,0
-1,3,-3.8333333333333335,10.128123428548154,0
-1,3,-2.1666666666666665,15.127473810411892,0
-1,3,-1.8333333333333333,245.4078253767728,0
-1,3,-0.16666666666666666,91.5035080065168,0
-1,3,0.16666666666666666,136.48706714618956,0
-1,3,1.8333333333333333,164.89153446543193,0
-1,3,2.1666666666666665,103.67151444665247,0
-1,3,3.8333333333333335,16.55005053758984,0
-1,3,4.166666666666667,12.638316892799542,0
-1,3,5.833333333333333,70.32418898662026,0
-1,3,6.166666666666667,96.08217260088347,0
-1,3,7.833333333333333,23.36228757292415,0
-1,3,8.166666666666666,7.79243881352115,0
-1,4,-9.166666666666666,58.375868411292295,0
-1,4,-8.833333333333334,11.846115914058856,0
-1,4,-3.1666666666666665,517.8128664782092,0
-1,4,-2.8333333333333335,143.53110086390453,0
-1,4,-1.1666666666666667,61.179154328778615,0
-1,4,-0.8333333333333334,7.973684647891163,0
-1,4,0.8333333333333334,5.862585745829988,0
-1,4,1.1666666666666667,90.72866902931591,0
-1,4,2.8333333333333335,166.74629558163275,0
-1,4,3.1666666666666665,239.54091944137946,0
-1,4,8.833333333333334,16.482134799730062,0
-1,4,9.166666666666666,33.54757599416724,0
0,-4,-10.166666666666666,44.37030439427184,0
0,-4,-9.833333333333334,126.01238566666534,0
0,-4,-8.166666666666666,268.1780370930175,0
0,-4,-7.833333333333333,61.15821604031774,0
0,-4,-6.166666666666667,24.081299414474092,0
0,-4,-5.833333333333333,9.067601282379382,0
0,-4,-4.166666666666667,60.17269882047272,0
0,-4,-3.8333333333333335,74.7696091701502,0
0,-4,-2.1666666666666665,22.825100929916996,0
0,-4,-1.8333333333333333,118.96191804482504,0
0,-4,-0.16666666666666666,318.2641477241036,0
0,-4,0.16666666666666666,267.3331028343629,0
0,-4,1.8333333333333333,103.86919036202043,0
0,-4,2.1666666666666665,19.132109219146745,0
0,-4,3.8333333333333335,49.71744543945106,0
0,-4,4.166666666666667,140.61489526240325,0
0,-4,7.833333333333333,129.2072130333074,0
0,-4,8.166666666666666,156.45410802628825,0
0,-4,9.833333333333334,23.686106119788583,0
0,-4,10.166666666666666,14.1342185910825,0
0,-3,-9.166666666666666,4.018318664109202,0
0,-3,-8.833333333333334,12.646771344144693,0
0,-3,-7.166666666666667,33.01132494523377,0
0,-3,-6.833333333333333,18.23626921800704,0
0,-3,-5.166666666666667,60.627808819889076,0
0,-3,-4.833333333333333,163.24478867189086,0
0,-3,-3.1666666666666665,147.52333881969795,0
0,-3,-2.8333333333333335,0.7489596965039155,0
0,-3,-1.1666666666666667,35.419583717232804,0
0,-3,-0.8333333333333334,39.826881611884566,0
0,-3,0.8333333333333334,51.64931052861731,0
0,-3,1.1666666666666667,30.606072460437144,0
0,-3,2.8333333333333335,33.12603918774537,0
0,-3,3.1666666666666665,189.46229303172603,0
0,-3,4.833333333333333,100.44337383714169,0
0,-3,5.166666666666667,25.642908480404568,0
0,-3,6.833333333333333,24.972377579003073,0
0,-3,7.166666666666667,26.877904930235182,0
0,-2,-10.166666666666666,0.3562763729043467,0
0,-2,-9.833333333333334,6.22592539715054,0
0,-2,-8.166666666666666,24.003422757771087,0
0,-2,-7.833333333333333,0.2471893293112998,0
0,-2,-6.166666666666667,15.94099049561899,0
0,-2,-5.833333333333333,3.638006228290015e-10,0
0,-2,-4.166666666666667,2.7608343993990244e-09,0
0,-2,-3.8333333333333335,9.946385700572262e-11,0
0,-2,-2.1666666666666665,7.138244652786358,0
0,-2,-1.8333333333333333,17.217740951206107,0
0,-2,-0.16666666666666666,61.944367227906135,0
0,-2,0.16666666666666666,46.63447837441525,0
0,-2,1.8333333333333333,67.17578432792776,0
0,-2,2.1666666666666665,1.8785205919578915e-12,0
0,-2,3.8333333333333335,29.93362265946106,0
0,-2,4.166666666666667,2.044876584436634e-06,0
0,-2,5.833333333333333,1.621525112916746e-11,0
0,-2,6.166666666666667,16.12137702374414,0
0,-2,7.833333333333333,6.3350735583816995,0
0,-2,8.166666666666666,14.321959894917882,0
0,-1,-9.166666666666666,7.315743463223636e-12,0
0,-1,-8.833333333333334,1.477900767023687e-11,0
0,-1,-7.166666666666667,3.5114977666929736e-11,0
0,-1,-6.833333333333333,1.6117665134966635e-12,0
0,-1,-5.166666666666667,1.4678320423949483e-09,0
0,-1,-4.833333333333333,1.8490620596606784e-11,0
0,-1,-3.1666666666666665,8.180815981979687e-14,0
0,-1,-2.8333333333333335,4.774058765709697e-12,0
0,-1,-1.1666666666666667,1.7875770484630563e-16,0
0,-1,-0.8333333333333334,1.0359048816616453e-11,0
0,-1,0.8333333333333334,3.575258350076269e-13,0
0,-1,1.1666666666666667,5.656799847471175e-15,0
0,-1,2.8333333333333335,5.776487217113312e-15,0
0,-1,3.1666666666666665,3.563849027452975e-14,0
0,-1,4.833333333333333,1.6575227170194784e-10,0
0,-1,5.166666666666667,4.066962960215611e-15,0
0,-1,6.833333333333333,1.3903755856052526e-14,0
0,-1,7.166666666666667,7.373085759588932e-15,0
0,-1,8.833333333333334,5.474098645712032e-12,0
0,-1,9.166666666666666,1.0508439857017258e-13,0
0,0,-10.166666666666666,8.304423124737531e-16,0
0,0,-9.833333333333334,2.452335597683784e-14,0
0,0,-8.166666666666666,1.523767968289126e-11,0
0,0,-7.833333333333333,7.837569440927625e-12,0
0,0,-6.166666666666667,4.342276365355365e-08,0
0,0,-5.833333333333333,1.0766410357279053e-07,0
0,0,-4.166666666666667,1.6374445482624032e-09,0
0,0,-3.8333333333333335,3.0075172030124804e-10,0
0,0,3.8333333333333335,1.859188980856143e-18,0
0,0,4.166666666666667,6.186548858378056e-10,0
0,0,5.833333333333333,1.0134838194106272e-16,0
0,0,6.166666666666667,2.600125550070568e-12,0
0,0,7.833333333333333,3.1069685365639184e-11,0
0,0,8.166666666666666,5.642371482911338e-11,0
0,0,9.833333333333334,3.028147118792582e-17,0
0,0,10.166666666666666,1.2423052313323477e-16,0
0,1,-9.166666666666666,2.5715369076794102e-11,0
0,1,-8.833333333333334,1.200505816215639e-08,0
0,1,-7.166666666666667,2.2734776577085274e-07,0
0,1,-6.833333333333333,0.002390252854323604,0
0,1,-5.166666666666667,1.4744296178802783e-13,0
0,1,-4.833333333333333,3.3305317934300467e-16,0
0,1,-3.1666666666666665,2.3512181572971097e-08,0
0,1,-2.8333333333333335,6.304932960740455e-07,0
0,1,-1.1666666666666667,9.076244123403322e-06,0
0,1,-0.8333333333333334,2.5580353728964288e-08,0
0,1,0.8333333333333334,8.558348874787154e-15,0
0,1,1.1666666666666667,3.1995726326641133e-13,0
0,1,2.8333333333333335,7.922568011139308e-05,0
0,1,3.1666666666666665,0.09869538746563289,0
0,1,4.833333333333333,4.0432771846161734e-07,0
0,1,5.166666666666667,5.3545645593215373e-08,0
0,1,6.833333333333333,1.2714079653113899e-10,0
0,1,7.166666666666667,1.4425493258414784e-10,0
0,1,8.833333333333334,6.25590129083704e-10,0
0,1,9.166666666666666,6.954132251885816e-10,0
0,2,-10.166666666666666,6.3966689255127545,0
0,2,-9.833333333333334,13.917307386765753,0
0,2,-8.166666666666666,0.0013311928778067033,0
0,2,-7.833333333333333,0.33855925774652046,0
0,2,-6.166666666666667,9.223585878044092,0
0,2,-5.833333333333333,7.262914981263501e-08,0
0,2,-4.166666666666667,1.6934667601858251e-06,0
0,2,-3.8333333333333335,1.5667755483787609,0
0,2,-2.1666666666666665,2.666141527963443e-24,0
0,2,-1.8333333333333333,46.323841899374614,0
0,2,-0.16666666666666666,2.307860551943425,0
0,2,0.16666666666666666,57.540814259482744,0
0,2,1.8333333333333333,0.7220071250356742,0
0,2,2.1666666666666665,1.1341631372274914e-05,0
0,2,3.8333333333333335,12.546051904268142,0
0,2,4.166666666666667,19.141400080204438,0
0,2,5.833333333333333,4.6816813910232856e-17,0
0,2,6.166666666666667,3.1998176577493534e-12,0
0,2,7.833333333333333,7.796545322979564,0
0,2,8.166666666666666,26.66827954708214,0
0,3,-9.166666666666666,9.20029683152936,0
0,3,-8.833333333333334,15.605171236719144,0
0,3,-7.166666666666667,22.398047155053746,0
0,3,-6.833333333333333,41.76124634382236,0
0,3,-5.166666666666667,1.8900646457757376e-14,0
0,3,-4.833333333333333,128.14861360983727,0
0,3,-3.1666666666666665,117.82432791271673,0
0,3,-2.8333333333333335,6.1946847694561695,0
0,3,-1.1666666666666667,32.76796659847321,0
0,3,-0.8333333333333334,65.62559551322416,0
0,3,0.8333333333333334,96.46188008245575,0
0,3,1.1666666666666667,29.86895160245504,0
0,3,2.8333333333333335,1.0630487697628255e-10,0
0,3,3.1666666666666665,165.24710041031392,0
0,3,4.833333333333333,163.8298369000667,0
0,3,5.166666666666667,19.45554575608704,0
0,3,6.833333333333333,15.287483970557798,0
0,3,7.166666666666667,22.727449163575454,0
0,4,-10.166666666666666,47.84390383225256,0
0,4,-9.833333333333334,60.13499762815814,0
0,4,-4.166666666666667,47.356247837608386,0
0,4,-3.8333333333333335,101.61204305796774,0
0,4,-2.1666666666666665,22.778464834130038,0
0,4,-1.8333333333333333,71.47259830694476,0
0,4,-0.16666666666666666,611.6947147025029,0
0,4,0.16666666666666666,277.4493907068457,0
0,4,1.8333333333333333,94.79610791061705,0
0,4,2.1666666666666665,27.94244917921623,0
0,4,3.8333333333333335,96.35736150422684,0
0,4,4.166666666666667,108.62710098019565,0
0,4,7.833333333333333,198.05477464655598,0
0,4,8.166666666666666,161.98598429776317,0
0,4,9.833333333333334,42.94204670711616,0
0,4,10.166666666666666,27.14420242331587,0
1,-4,-9.166666666666666,486.75630526307526,0
1,-4,-8.833333333333334,5.643093750987422,0
1,-4,-3.1666666666666665,177.993257447945,0
1,-4,-2.8333333333333335,122.98321492238114,0
1,-4,-1.1666666666666667,142.67543430575972,0
1,-4,-0.8333333333333334,46.78388406273103,0
1,-4,0.8333333333333334,10.503075778459362,0
1,-4,1.1666666666666667,98.91493439404984,0
1,-4,2.8333333333333335,120.58806572072463,0
1,-4,3.1666666666666665,179.02518130548066,0
1,-4,4.833333333333333,76.37622628018894,0
1,-4,5.166666666666667,223.27460709858914,0
1,-4,8.833333333333334,26.14879173846056,0
1,-4,9.166666666666666,8.7207453248819,0
1,-3,-10.166666666666666,581.8362135946616,0
1,-3,-9.833333333333334,2.924225324366145e-09,0
1,-3,-8.166666666666666,16.45186217221275,0
1,-3,-7.833333333333333,21.03455307526446,0
1,-3,-6.166666666666667,115.1185748183014,0
1,-3,-5.833333333333333,31.202786684015866,0
1,-3,-4.166666666666667,4.298336321650594,0
1,-3,-3.8333333333333335,42.06226880645634,0
1,-3,-2.1666666666666665,50.35421644567024,0
1,-3,-1.8333333333333333,422.9525331362306,0
1,-3,-0.16666666666666666,104.97621608665703,0
1,-3,0.16666666666666666,163.213910664758,0
1,-3,1.8333333333333333,309.99244007359414,0
1,-3,2.1666666666666665,5.848557105218084,0
1,-3,3.8333333333333335,8.51843944311704,0
1,-3,4.166666666666667,6.600486553561164,0
1,-3,5.833333333333333,39.375406158889874,0
1,-3,6.166666666666667,76.33136455269012,0
1,-3,7.833333333333333,24.732904050829138,0
1,-3,8.166666666666666,27.40921862853352,0
1,-2,-9.166666666666666,12.498670955780097,0
1,-2,-8.833333333333334,9.102240929627784e-10,0
1,-2,-7.166666666666667,3.4022096484161524,0
1,-2,-6.833333333333333,45.31198247943624,0
1,-2,-5.166666666666667,35.37475515697166,0
1,-2,-4.833333333333333,40.393670304225424,0
1,-2,-3.1666666666666665,0.48510935300483055,0
1,-2,-2.8333333333333335,0.0011803688313960393,0
1,-2,-1.1666666666666667,34.62571949516068,0
1,-2,-0.8333333333333334,2.983543355105424e-11,0
1,-2,0.8333333333333334,4.538103166337532,0
1,-2,1.1666666666666667,46.7816516286154,0
1,-2,2.8333333333333335,13.74397277734629,0
1,-2,3.1666666666666665,12.075402671235306,0
1,-2,4.833333333333333,9.036620644435562,0
1,-2,5.166666666666667,14.265234606796819,0
1,-2,6.833333333333333,19.75503580488254,0
1,-2,7.166666666666667,5.7822085099095974e-11,0
1,-2,8.833333333333334,5.206702738296283,0
1,-2,9.166666666666666,7.170489091059176,0
1,-1,-10.166666666666666,1.5277385078581793e-10,0
1,-1,-9.833333333333334,1.0987416537983968e-10,0
1,-1,-8.166666666666666,0.3035072222836901,0
1,-1,-7.833333333333333,1.6405541167585026e-06,0
1,-1,-6.166666666666667,26.391442260351262,0
1,-1,-5.833333333333333,2.4722445178829694e-06,0
1,-1,-4.166666666666667,1.1571075624955867,0
1,-1,-3.8333333333333335,6.467365247706602,0
1,-1,-2.1666666666666665,18.13586191947292,0
1,-1,-1.8333333333333333,4.302674760218314e-05,0
1,-1,-0.16666666666666666,85.59410048748967,0
1,-1,0.16666666666666666,14.211984485594083,0
1,-1,1.8333333333333333,0.28204682828334254,0
1,-1,2.1666666666666665,5.906112403160492e-10,0
1,-1,3.8333333333333335,2.842825125246471,0
1,-1,4.166666666666667,1.9251976715608474,0
1,-1,5.833333333333333,0.2548434559050218,0
1,-1,6.166666666666667,7.280012009923054,0
1,-1,7.833333333333333,9.956817502107008e-12,0
1,-1,8.166666666666666,6.9748189625437e-11,0
1,-1,9.833333333333334,9.657626726434707,0
1,-1,10.166666666666666,4.247955987670722e-06,0
1,0,-9.166666666666666,6.5926382606374725,0
1,0,-8.833333333333334,0.0009019697506388652,0
1,0,-7.166666666666667,3.2286151677357586e-17,0
1,0,-6.833333333333333,2.6568868939028548e-12,0
1,0,-5.166666666666667,3.009585074451368,0
1,0,-4.833333333333333,0.009685284913615937,0
1,0,-3.1666666666666665,24.365811944770364,0
1,0,-2.8333333333333335,1.6933206615658076,0
1,0,-1.1666666666666667,1.2868562779078677e-12,0
1,0,-0.8333333333333334,3.1847169447681223e-11,0
1,0,0.8333333333333334,9.214021837360286e-08,0
1,0,1.1666666666666667,5.965986603378172e-08,0
1,0,2.8333333333333335,1.210023624821172e-13,0
1,0,3.1666666666666665,2.70530414746088e-12,0
1,0,4.833333333333333,1.3442897531477407e-10,0
1,0,5.166666666666667,1.3381576883817296e-12,0
1,0,6.833333333333333,1.1040229827241422e-15,0
1,0,7.166666666666667,6.906046227033645,0
1,0,8.833333333333334,4.145707506946584e-10,0
1,0,9.166666666666666,8.661822639087594e-10,0
1,1,-10.166666666666666,2.8469678761800883,0
1,1,-9.833333333333334,17.834070550726892,0
1,1,-8.166666666666666,0.4303122381814845,0
1,1,-7.833333333333333,1.8317105518073971e-06,0
1,1,-6.166666666666667,1.4519048434424597,0
1,1,-5.833333333333333,3.151217269804322,0
1,1,-4.166666666666667,1.3285087165127394,0
1,1,-3.8333333333333335,0.4928661761101231,0
1,1,-2.1666666666666665,1.2367742763847009e-11,0
1,1,-1.8333333333333333,1.2526553725297555e-13,0
1,1,-0.16666666666666666,1.471480347850839e-06,0
1,1,0.16666666666666666,0.2973228779998886,0
1,1,1.8333333333333333,0.8164402475215986,0
1,1,2.1666666666666665,0.03993451404380422,0
1,1,3.8333333333333335,3.727313250700988e-10,0
1,1,4.166666666666667,8.89283494621339e-09,0
1,1,5.833333333333333,2.792165564219978e-10,0
1,1,6.166666666666667,2.8386610763398594e-08,0
1,1,7.833333333333333,1.1555474511512743e-11,0
1,1,8.166666666666666,6.093802004245698e-11,0
1,1,9.833333333333334,0.4931291436509226,0
1,1,10.166666666666666,0.0045041711301970246,0
1,2,-9.166666666666666,10.533348093739665,0
1,2,-8.833333333333334,3.375183886682115,0
1,2,-7.166666666666667,6.530008077843739,0
1,2,-6.833333333333333,28.305054627666664,0
1,2,-5.166666666666667,0.403973974110274,0
1,2,-4.833333333333333,72.70188952509093,0
1,2,-3.1666666666666665,39.853246018318465,0
1,2,-2.8333333333333335,16.52861518818487,0
1,2,-1.1666666666666667,48.04853762878647,0
1,2,-0.8333333333333334,9.972665695010873,0
1,2,0.8333333333333334,10.894387251477886,0
1,2,1.1666666666666667,74.23200846769264,0
1,2,2.8333333333333335,70.5121084389174,0
1,2,3.1666666666666665,10.5485465846486,0
1,2,4.833333333333333,441.2044630579356,0
1,2,5.166666666666667,70.62396946638289,0
1,2,6.833333333333333,36.1587028936473,0
1,2,7.166666666666667,1.900120462171445e-09,0
1,2,8.833333333333334,5.2773284827420595,0
1,2,9.166666666666666,20.25850852973237,0
1,3,-10.166666666666666,47.03706912431232,0
1,3,-9.833333333333334,40.86096261323647,0
1,3,-8.166666666666666,51.990188118728305,0
1,3,-7.833333333333333,20.794274845917748,0
1,3,-6.166666666666667,44.780182662592196,0
1,3,-5.833333333333333,43.0079036042343,0
1,3,-4.166666666666667,4.861446311161399,0
1,3,-3.8333333333333335,8.887340338061897,0
1,3,-2.1666666666666665,123.53068587024941,0
1,3,-1.8333333333333333,313.77039467720067,0
1,3,-0.16666666666666666,24.124490674420848,0
1,3,0.16666666666666666,96.16241462511978,0
1,3,1.8333333333333333,573.4447133173607,0
1,3,2.1666666666666665,129.7098940521916,0
1,3,3.8333333333333335,14.374088254219894,0
1,3,4.166666666666667,9.574568801829855,0
1,3,5.833333333333333,0.7579969692067525,0
1,3,6.166666666666667,79.04603170870239,0
1,3,7.833333333333333,75.3865397736524,0
1,3,8.166666666666666,48.26566080714247,0
1,4,-5.166666666666667,4.322992725669939e-05,0
1,4,-4.833333333333333,199.87073236306728,0
1,4,-3.1666666666666665,118.24618808283113,0
1,4,-2.8333333333333335,105.76366872258535,0
1,4,-1.1666666666666667,114.19773912812215,0
1,4,-0.8333333333333334,11.705867127756658,0
1,4,0.8333333333333334,46.44016944888374,0
1,4,1.1666666666666667,112.74063393564099,0
1,4,2.8333333333333335,121.42377150537963,0
1,4,3.1666666666666665,220.9236039602773,0
1,4,4.833333333333333,10.81090913945535,0
1,4,5.166666666666667,107.95112069780538,0
1,4,8.833333333333334,21.373379947990685,0
1,4,9.166666666666666,41.83933811907585,0
2,-4,-10.166666666666666,500.49480795152374,0
2,-4,-9.833333333333334,66.2091679170527,0
2,-4,-8.166666666666666,160.5686485122657,0
2,-4,-7.833333333333333,7.089155306891766,0
2,-4,-6.166666666666667,90.54377619864866,0
2,-4,-5.833333333333333,1.111553182484183e-09,0
2,-4,-0.16666666666666666,292.4018284856027,0
2,-4,0.16666666666666666,303.2396200604916,0
2,-4,1.8333333333333333,73.28636693714573,0
2,-4,2.1666666666666665,19.48748053161985,0
2,-4,3.8333333333333335,66.20925840893337,0
2,-4,4.166666666666667,101.12116598074664,0
2,-4,5.833333333333333,26.90347911142053,0
2,-4,6.166666666666667,66.04270686412046,0
2,-4,7.833333333333333,7.229273639644465e-14,0
2,-4,8.166666666666666,217.21796256799718,0
2,-4,9.833333333333334,42.29077416644637,0
2,-4,10.166666666666666,45.012659966571526,0
2,-3,-9.166666666666666,9.004441984965391,0
2,-3,-8.833333333333334,38.20049199287963,0
2,-3,-7.166666666666667,24.686503482465934,0
2,-3,-6.833333333333333,86.41769663913878,0
2,-3,-5.166666666666667,77.30286801140282,0
2,-3,-4.833333333333333,119.24934839020685,0
2,-3,-3.1666666666666665,254.12212764230415,0
2,-3,-2.8333333333333335,47.537945893592074,0
2,-3,-1.1666666666666667,452.65713307330617,0
2,-3,-0.8333333333333334,39.612172666550045,0
2,-3,0.8333333333333334,253.96069232896372,0
2,-3,1.1666666666666667,73.45916899179494,0
2,-3,2.8333333333333335,48.30705054574264,0
2,-3,3.1666666666666665,142.89500393978352,0
2,-3,4.833333333333333,100.03808886725373,0
2,-3,5.166666666666667,204.56082510116605,0
2,-3,6.833333333333333,32.23939857198793,0
2,-3,7.166666666666667,45.74336436116997,0
2,-3,8.833333333333334,1.9558598106113172,0
2,-3,9.166666666666666,29.588227603719844,0
2,-2,-10.166666666666666,2.2660115775975006e-11,0
2,-2,-9.833333333333334,13.91602950075037,0
2,-2,-8.166666666666666,125.86462682635566,0
2,-2,-7.833333333333333,6.339094247241897,0
2,-2,-6.166666666666667,24.44805571144149,0
2,-2,-5.833333333333333,6.764474146879175,0
2,-2,-4.166666666666667,60.487160722320304,0
2,-2,-3.8333333333333335,96.29608666619427,0
2,-2,-2.1666666666666665,26.527863592698633,0
2,-2,-1.8333333333333333,139.32493257052036,0
2,-2,-0.16666666666666666,306.23874558981817,0
2,-2,0.16666666666666666,1208.0067769349876,0
2,-2,1.8333333333333333,60.623383363241686,0
2,-2,2.1666666666666665,22.403563345419244,0
2,-2,3.8333333333333335,65.1981616994434,0
2,-2,4.166666666666667,89.1823778439083,0
2,-2,5.833333333333333,2.571403109296058,0
2,-2,6.166666666666667,22.511873030617803,0
2,-2,7.833333333333333,49.513217864430416,0
2,-2,8.166666666666666,69.16583514232185,0
2,-2,9.833333333333334,19.18986124950642,0
2,-2,10.166666666666666,7.279436034980771,0
2,-1,-9.166666666666666,10.631581561068728,0
2,-1,-8.833333333333334,1.3017828202751219e-12,0
2,-1,-7.166666666666667,9.425592283922018,0
2,-1,-6.833333333333333,64.76650947206734,0
2,-1,-5.166666666666667,79.12296251017713,0
2,-1,-4.833333333333333,32.003419113965,0
2,-1,-3.1666666666666665,108.60475981276106,0
2,-1,-2.8333333333333335,0.5460465494819354,0
2,-1,-1.1666666666666667,88.07416301214646,0
2,-1,-0.8333333333333334,1.7666059328718807e-10,0
2,-1,0.8333333333333334,8.880264677525108,0
2,-1,1.1666666666666667,113.05873485087321,0
2,-1,2.8333333333333335,45.01678276549916,0
2,-1,3.1666666666666665,86.44297057862912,0
2,-1,4.833333333333333,0.4294691719018677,0
2,-1,5.166666666666667,77.19827507331502,0
2,-1,6.833333333333333,51.79163445989974,0
2,-1,7.166666666666667,5.102166904636834e-10,0
2,-1,8.833333333333334,4.970519285853558,0
2,-1,9.166666666666666,16.568324764934303,0
2,0,-8.166666666666666,76.54177387714151,0
2,0,-7.833333333333333,2.2794457579974288,0
2,0,-6.166666666666667,24.41314638794116,0
2,0,-5.833333333333333,8.07080007783057,0
2,0,-4.166666666666667,63.17181399719839,0
2,0,-3.8333333333333335,0.5459901605229559,0
2,0,-2.1666666666666665,4.587977686491984,0
2,0,-1.8333333333333333,77.0468839877046,0
2,0,-0.16666666666666666,250.96761905754906,0
2,0,0.16666666666666666,341.6921254535848,0
2,0,1.8333333333333333,38.83324702425121,0
2,0,2.1666666666666665,46.0587295850095,0
2,0,3.8333333333333335,14.385102609514485,0
2,0,4.166666666666667,23.01249971756109,0
2,0,5.833333333333333,0.33452060920658283,0
2,0,6.166666666666667,24.095293226568693,0
2,0,7.833333333333333,77.25436681506085,0
2,0,8.166666666666666,111.39726872656347,0
2,0,9.833333333333334,17.58760835126636,0
2,0,10.166666666666666,0.49267687297819224,0
2,1,-9.166666666666666,8.348580736484347,0
2,1,-8.833333333333334,7.903153276945455,0
2,1,-7.166666666666667,8.921850315053032,0
2,1,-6.833333333333333,88.51808410932556,0
2,1,-5.166666666666667,73.90733759883676,0
2,1,-4.833333333333333,26.3731961096837,0
2,1,-3.1666666666666665,77.59452182455158,0
2,1,-2.8333333333333335,90.68089792608156,0
2,1,-1.1666666666666667,126.06217716785763,0
2,1,-0.8333333333333334,23.012196537850556,0
2,1,0.8333333333333334,1.170799088907473,0
2,1,1.1666666666666667,181.7451762077196,0
2,1,2.8333333333333335,94.37846625398316,0
2,1,3.1666666666666665,173.82345813279227,0
2,1,4.833333333333333,40.37071265575281,0
2,1,5.166666666666667,46.9306443638075,0
2,1,6.833333333333333,80.91046508778072,0
2,1,7.166666666666667,22.810816889461748,0
2,1,8.833333333333334,1.9687335531724622e-10,0
2,1,9.166666666666666,29.97002459839103,0
2,2,-8.166666666666666,95.31289523002249,0
2,2,-7.833333333333333,75.37326771711771,0
2,2,-6.166666666666667,32.813912554093484,0
2,2,-5.833333333333333,5.538451397603624,0
2,2,-4.166666666666667,58.11714790863043,0
2,2,-3.8333333333333335,109.10263751264326,0
2,2,-2.1666666666666665,26.26717155867705,0
2,2,-1.8333333333333333,130.6601150269109,0
2,2,-0.16666666666666666,192.08576972585064,0
2,2,0.16666666666666666,527.0366990606943,0
2,2,1.8333333333333333,96.12470194054559,0
2,2,2.1666666666666665,7.4217580185960825,0
2,2,3.8333333333333335,54.805287333533926,0
2,2,4.166666666666667,130.3201177693823,0
2,2,5.833333333333333,111.34456866834907,0
2,2,6.166666666666667,34.73198694842535,0
2,2,7.833333333333333,76.57683299730452,0
2,2,8.166666666666666,494.04337437491927,0
2,3,-9.166666666666666,40.18412155403957,0
2,3,-8.833333333333334,1.663922884359627e-15,0
2,3,-7.166666666666667,24.00779451633473,0
2,3,-6.833333333333333,75.1386263702831,0
2,3,-5.166666666666667,117.27197755081296,0
2,3,-4.833333333333333,202.7815550147514,0
2,3,-3.1666666666666665,300.15100216123426,0
2,3,-2.8333333333333335,124.11268213895193,0
2,3,-1.1666666666666667,75.369701157231,0
2,3,-0.8333333333333334,53.03655211567322,0
2,3,0.8333333333333334,49.65313140618085,0
2,3,1.1666666666666667,113.26822299324853,0
2,3,2.8333333333333335,116.82856287215832,0
2,3,3.1666666666666665,281.47376960093123,0
2,3,4.833333333333333,13.032049641270202,0
2,3,5.166666666666667,185.57267345587803,0
2,3,6.833333333333333,127.1244285658085,0
2,3,7.166666666666667,86.4736139629226,0
2,3,8.833333333333334,35.08353568718287,0
2,3,9.166666666666666,21.59110451235779,0
2,4,-10.166666666666666,40.030963097752355,0
2,4,-9.833333333333334,57.02624621713275,0
2,4,-8.166666666666666,146.70030533582073,0
2,4,-7.833333333333333,225.8408884475166,0
2,4,-6.166666666666667,47.43516286971146,0
2,4,-5.833333333333333,10.160570193024354,0
2,4,-4.166666666666667,120.81940395831552,0
2,4,-3.8333333333333335,136.36804866820947,0
2,4,-2.1666666666666665,127.7802952096767,0
2,4,-1.8333333333333333,91.63836323233734,0
2,4,-0.16666666666666666,315.4868518310811,0
2,4,0.16666666666666666,385.7574276502451,0
2,4,1.8333333333333333,71.19036958434148,0
2,4,2.1666666666666665,133.88153099337302,0
2,4,3.8333333333333335,106.04061481299408,0
2,4,4.166666666666667,211.25251536916969,0
2,4,5.833333333333333,32.610727336088125,0
2,4,6.166666666666667,98.06847617114708,0
2,4,7.833333333333333,157.70158638591928,0
2,4,8.166666666666666,144.49751424044982,0
3,-4,-9.166666666666666,226.92351073503923,0
3,-4,-8.833333333333334,22.671980370941956,0
3,-4,-7.166666666666667,576.8675606090584,0
3,-4,-6.833333333333333,27.19849739260056,0
3,-4,-5.166666666666667,195.27570735000495,0
3,-4,-4.833333333333333,859.6258492473173,0
3,-4,2.8333333333333335,76.9092440011188,0
3,-4,3.1666666666666665,5.365154524746294e-16,0
3,-4,4.833333333333333,185.96203717052427,0
3,-4,5.166666666666667,399.5424649575634,0
3,-4,6.833333333333333,93.48754028816286,0
3,-4,7.166666666666667,44.99596700300861,0
3,-4,8.833333333333334,45.07888637620606,0
3,-4,9.166666666666666,50.17369180250763,0
3,-3,-10.166666666666666,291.0591493018734,0
3,-3,-9.833333333333334,134.78462168967772,0
3,-3,-8.166666666666666,55.03314192272626,0
3,-3,-7.833333333333333,36.25511449153528,0
3,-3,-6.166666666666667,28.948756234322595,0
3,-3,-5.833333333333333,11.450123031177355,0
3,-3,-0.16666666666666666,321.27209961639676,0
3,-3,0.16666666666666666,139.4206087907367,0
3,-3,1.8333333333333333,106.25617544654833,0
3,-3,2.1666666666666665,546.4228937154014,0
3,-3,3.8333333333333335,12.769059725489685,0
3,-3,4.166666666666667,40.46550528185911,0
3,-3,5.833333333333333,64.44485309284603,0
3,-3,6.166666666666667,284.7404912842407,0
3,-3,7.833333333333333,52.707508822346256,0
3,-3,8.166666666666666,98.87071820741718,0
3,-3,9.833333333333334,165.08679876468162,0
3,-3,10.166666666666666,139.54311365815317,0
3,-2,-7.166666666666667,46.40495320446103,0
3,-2,-6.833333333333333,65.28912053743932,0
3,-2,-5.166666666666667,70.35413939284949,0
3,-2,-4.833333333333333,187.24012122988523,0
3,-2,-3.1666666666666665,238.79357871614883,0
3,-2,-2.8333333333333335,74.11982259060397,0
3,-2,-1.1666666666666667,98.68580134538277,0
3,-2,-0.8333333333333334,197.9105774521661,0
3,-2,0.8333333333333334,160.26039756113647,0
3,-2,1.1666666666666667,202.96361922751143,0
3,-2,2.8333333333333335,36.06242325354693,0
3,-2,3.1666666666666665,179.9888009205622,0
3,-2,4.833333333333333,160.16772058577945,0
3,-2,5.166666666666667,529.9066998736587,0
3,-2,6.833333333333333,50.38478854315272,0
3,-2,7.166666666666667,138.35628753188075,0
3,-2,8.833333333333334,27.14114293730645,0
3,-2,9.166666666666666,30.489508877593707,0
3,-1,-10.166666666666666,4.284476836489997,0
3,-1,-9.833333333333334,73.2312896615738,0
3,-1,-8.166666666666666,47.40868471360476,0
3,-1,-7.833333333333333,35.84429625343488,0
3,-1,-6.166666666666667,63.780446800005386,0
3,-1,-5.833333333333333,64.89866270674311,0
3,-1,-4.166666666666667,10.841956324925375,0
3,-1,-3.8333333333333335,17.341998556689358,0
3,-1,-2.1666666666666665,99.88977367935308,0
3,-1,-1.8333333333333333,356.59656643338445,0
3,-1,-0.16666666666666666,96.69844360033453,0
3,-1,0.16666666666666666,135.01646366343235,0
3,-1,1.8333333333333333,134.28089936281467,0
3,-1,2.1666666666666665,78.69047784124056,0
3,-1,3.8333333333333335,11.201764806392008,0
3,-1,4.166666666666667,10.395109319564478,0
3,-1,5.833333333333333,51.10514322858426,0
3,-1,6.166666666666667,161.2217037447546,0
3,-1,7.833333333333333,52.251034610099225,0
3,-1,8.166666666666666,104.48642529524574,0
3,0,-7.166666666666667,48.63393681921251,0
3,0,-6.833333333333333,55.57060242601985,0
3,0,-5.166666666666667,27.94357367618708,0
3,0,-4.833333333333333,293.71057916346757,0
3,0,-3.1666666666666665,359.0291699201251,0
3,0,-2.8333333333333335,20.879649882761512,0
3,0,-1.1666666666666667,39.47015831901033,0
3,0,-0.8333333333333334,87.6536480641423,0
3,0,0.8333333333333334,32.547295485577756,0
3,0,1.1666666666666667,62.77832375416918,0
3,0,2.8333333333333335,33.52360856938917,0
3,0,3.1666666666666665,221.1941299862034,0
3,0,4.833333333333333,200.8072205612984,0
3,0,5.166666666666667,112.50382175013415,0
3,0,6.833333333333333,24.941230099654206,0
3,0,7.166666666666667,74.17551064642622,0
3,0,8.833333333333334,34.289391157327735,0
3,0,9.166666666666666,26.46863758105473,0
3,1,-8.166666666666666,53.72245662693057,0
3,1,-7.833333333333333,25.138468137156618,0
3,1,-6.166666666666667,80.352000845452,0
3,1,-5.833333333333333,44.219960004928765,0
3,1,-4.166666666666667,8.6971793717261,0
3,1,-3.8333333333333335,23.116869236298704,0
3,1,-2.1666666666666665,74.57362837536633,0
3,1,-1.8333333333333333,368.11916972016996,0
3,1,-0.16666666666666666,119.69931533379952,0
3,1,0.16666666666666666,193.69608011208695,0
3,1,1.8333333333333333,216.53576668932044,0
3,1,2.1666666666666665,213.196092741382,0
3,1,3.8333333333333335,13.38008075836482,0
3,1,4.166666666666667,17.261122390292,0
3,1,5.833333333333333,197.36903383569575,0
3,1,6.166666666666667,294.86042961799666,0
3,1,7.833333333333333,70.16228818226084,0
3,1,8.166666666666666,82.54930619356907,0
3,1,9.833333333333334,183.17185918576112,0
3,1,10.166666666666666,141.37618555361382,0
3,2,-9.166666666666666,31.684301978073385,0
3,2,-8.833333333333334,83.51292622331783,0
3,2,-5.166666666666667,86.16385083617622,0
3,2,-4.833333333333333,198.8460374035248,0
3,2,-3.1666666666666665,211.0291350481639,0
3,2,-2.8333333333333335,154.29465007372474,0
3,2,-1.1666666666666667,89.23378605152172,0
3,2,-0.8333333333333334,104.06056774583587,0
3,2,0.8333333333333334,68.4571528905274,0
3,2,1.1666666666666667,149.81371818024826,0
3,2,2.8333333333333335,129.2956199826997,0
3,2,3.1666666666666665,316.1381441132751,0
3,2,4.833333333333333,318.4064805956563,0
3,2,5.166666666666667,195.0211733754789,0
3,2,6.833333333333333,79.58363105068851,0
3,2,7.166666666666667,115.65586405085566,0
3,2,8.833333333333334,38.180310179761726,0
3,2,9.166666666666666,26.616734336860496,0
3,3,-10.166666666666666,192.60978632722708,0
3,3,-9.833333333333334,270.1623196541953,0
3,3,-8.166666666666666,534.8038191108906,0
3,3,-7.833333333333333,87.61567834424734,0
3,3,-4.166666666666667,13.339847598798073,0
3,3,-3.8333333333333335,31.411623093657088,0
3,3,-2.1666666666666665,111.38716809913265,0
3,3,-1.8333333333333333,824.9150617215246,0
3,3,-0.16666666666666666,238.2248473411988,0
3,3,0.16666666666666666,114.13371849022792,0
3,3,1.8333333333333333,448.5422245410055,0
3,3,2.1666666666666665,264.95277284780934,0
3,3,9.833333333333334,60.17276259953878,0
3,3,10.166666666666666,48.04449170698505,0
3,4,-9.166666666666666,68.03679636475185,0
3,4,-8.833333333333334,63.58103635630267,0
3,4,-7.166666666666667,882.5845009785168,0
3,4,-6.833333333333333,175.72625662933018,0
3,4,-1.1666666666666667,97.19385904187841,0
3,4,-0.8333333333333334,41.03377337272383,0
3,4,0.8333333333333334,51.165864826068756,0
3,4,1.1666666666666667,101.73747184590754,0
3,4,6.833333333333333,56.218185387519,0
3,4,7.166666666666667,26.256588844067867,0
3,4,8.833333333333334,19.194210890141605,0
3,4,9.166666666666666,18.35844624146459,0
4,-4,-10.166666666666666,132.6177608723049,0
4,-4,-9.833333333333334,91.86828426114357,0
4,-4,-8.166666666666666,220.00295752631192,0
4,-4,-7.833333333333333,254.09905952359912,0
4,-4,-6.166666666666667,402.3246715182151,0
4,-4,-5.833333333333333,11.256006339254226,0
4,-4,-4.166666666666667,71.95624716855207,0
4,-4,-3.8333333333333335,16.125577740897004,0
4,-4,-2.1666666666666665,70.36822747129499,0
4,-4,-1.8333333333333333,256.7117270144947,0
4,-4,-0.16666666666666666,385.9341565643341,0
4,-4,0.16666666666666666,408.44381068060534,0
4,-4,1.8333333333333333,168.0126684568107,0
4,-4,2.1666666666666665,118.12735217999578,0
4,-4,3.8333333333333335,140.64937536014205,0
4,-4,4.166666666666667,195.40856358099762,0
4,-4,5.833333333333333,34.40412236086871,0
4,-4,6.166666666666667,90.08738911955277,0
4,-4,9.833333333333334,53.88624567061043,0
4,-4,10.166666666666666,80.34628845361583,0
4,-3,-9.166666666666666,103.4306897219265,0
4,-3,-8.833333333333334,64.16263323447497,0
4,-3,-7.166666666666667,41.91716102020243,0
4,-3,-6.833333333333333,131.2814245719692,0
4,-3,-5.166666666666667,354.45511392674496,0
4,-3,-4.833333333333333,8.400497762419738,0
4,-3,0.8333333333333334,18.03776259701189,0
4,-3,1.1666666666666667,289.53362312020516,0
4,-3,2.8333333333333335,274.617964792244,0
4,-3,3.1666666666666665,695.7468681690017,0
4,-3,4.833333333333333,202.49999567248562,0
4,-3,5.166666666666667,217.99275414993272,0
4,-3,6.833333333333333,193.40938323664284,0
4,-3,7.166666666666667,87.28426886850295,0
4,-3,8.833333333333334,51.943578917126764,0
4,-3,9.166666666666666,79.71459718733024,0
4,-2,-10.166666666666666,96.57781813684974,0
4,-2,-9.833333333333334,122.73576258031436,0
4,-2,-8.166666666666666,492.23853775817497,0
4,-2,-7.833333333333333,332.59615686948115,0
4,-2,-6.166666666666667,22.196629161269165,0
4,-2,-5.833333333333333,16.499128220177095,0
4,-2,-4.166666666666667,67.18000582199615,0
4,-2,-3.8333333333333335,85.27824173098296,0
4,-2,-2.1666666666666665,36.59666274290157,0
4,-2,-1.8333333333333333,173.32852378761265,0
4,-2,-0.16666666666666666,330.35695493249875,0
4,-2,0.16666666666666666,712.409650257984,0
4,-2,1.8333333333333333,93.0406146576742,0
4,-2,2.1666666666666665,142.43173842729817,0
4,-2,3.8333333333333335,98.14355436358622,0
4,-2,4.166666666666667,486.7276287085216,0
4,-2,5.833333333333333,0.8115633460254384,0
4,-2,6.166666666666667,71.72370339353883,0
4,-2,7.833333333333333,210.2491012117365,0
4,-2,8.166666666666666,399.06104346766995,0
4,-2,9.833333333333334,111.97708970197823,0
4,-2,10.166666666666666,61.7529974734901,0
4,-1,-9.166666666666666,81.95899331996019,0
4,-1,-8.833333333333334,49.69266970427299,0
4,-1,-7.166666666666667,3.2379280704195496e-11,0
4,-1,-6.833333333333333,105.53583513153926,0
4,-1,-5.166666666666667,204.29457264787317,0
4,-1,-4.833333333333333,139.29520621461558,0
4,-1,-3.1666666666666665,204.9029334053331,0
4,-1,-2.8333333333333335,264.89986324148293,0
4,-1,0.8333333333333334,29.12201598779324,0
4,-1,1.1666666666666667,322.9246934488145,0
4,-1,2.8333333333333335,151.50349949169856,0
4,-1,3.1666666666666665,923.5171703526693,0
4,-1,4.833333333333333,235.54912546479989,0
4,-1,5.166666666666667,463.4270032140832,0
4,-1,6.833333333333333,126.77629968698054,0
4,-1,7.166666666666667,54.319784598032925,0
4,0,-10.166666666666666,45.17852360652738,0
4,0,-9.833333333333334,124.46578085157556,0
4,0,-8.166666666666666,430.32855466485603,0
4,0,-7.833333333333333,232.9711314877151,0
4,0,-6.166666666666667,41.52514581634151,0
4,0,-5.833333333333333,18.974597843868555,0
4,0,-4.166666666666667,96.49092603051355,0
4,0,-3.8333333333333335,79.16086539777682,0
4,0,-2.1666666666666665,21.142317849172663,0
4,0,-1.8333333333333333,172.10223534357883,0
4,0,-0.16666666666666666,249.743167882227,0
4,0,0.16666666666666666,2816.3383789363584,0
4,0,1.8333333333333333,87.93823889924492,0
4,0,2.1666666666666665,101.37398457868589,0
4,0,9.833333333333334,32.40640196657276,0
4,0,10.166666666666666,28.045011843573665,0
4,1,-9.166666666666666,76.27613858148149,0
4,1,-8.833333333333334,22.121978799482054,0
4,1,-5.166666666666667,58.91023539261274,0
4,1,-4.833333333333333,109.67233121075778,0
4,1,-3.1666666666666665,219.27217657007637,0
4,1,-2.8333333333333335,163.89117610478516,0
4,1,-1.1666666666666667,133.0962314874506,0
4,1,-0.8333333333333334,33.898854166526,0
4,1,0.8333333333333334,20.94873763100581,0
4,1,1.1666666666666667,182.1615266220776,0
4,1,2.8333333333333335,172.1926289984366,0
4,1,3.1666666666666665,242.89658819404553,0
4,1,4.833333333333333,153.0657232280562,0
4,1,5.166666666666667,366.9496448400861,0
4,1,8.833333333333334,4.755283553070496,0
4,1,9.166666666666666,30.014921581688196,0
4,2,-10.166666666666666,63.1835478603181,0
4,2,-9.833333333333334,159.45662967860997,0
4,2,-8.166666666666666,447.04379840148493,0
4,2,-7.833333333333333,192.1260126427191,0
4,2,-4.166666666666667,25.401141441835716,0
4,2,-3.8333333333333335,64.96992182115797,0
4,2,-2.1666666666666665,133.32407646236334,0
4,2,-1.8333333333333333,119.23734029699341,0
4,2,-0.16666666666666666,95.25116371023822,0
4,2,0.16666666666666666,589.8763264182892,0
4,2,1.8333333333333333,80.32829089836176,0
4,2,2.1666666666666665,51.64705631356949,0
4,2,5.833333333333333,11.163592238692763,0
4,2,6.166666666666667,18.600293897810563,0
4,2,7.833333333333333,115.94729552166042,0
4,2,8.166666666666666,129.5062985550016,0
4,2,9.833333333333334,48.3603574175656,0
4,2,10.166666666666666,27.080830977520908,0
4,3,-9.166666666666666,54.973471512488246,0
4,3,-8.833333333333334,63.49695247888115,0
4,3,-7.166666666666667,481.72187791113265,0
4,3,-6.833333333333333,264.0413066469629,0
4,3,-1.1666666666666667,56.281984459116515,0
4,3,-0.8333333333333334,38.91062871053251,0
4,3,4.833333333333333,59.3974538883143,0
4,3,5.166666666666667,123.36109385879791,0
4,3,6.833333333333333,32.77284699538384,0
4,3,7.166666666666667,42.73545891505179,0
4,3,8.833333333333334,23.524727594922776,0
4,3,9.166666666666666,42.596455187694794,0
4,4,-10.166666666666666,75.18630663726749,0
4,4,-9.833333333333334,127.57320289502493,0
4,4,-8.166666666666666,1351.200382124615,0
4,4,-7.833333333333333,249.48488271114212,0
4,4,-6.166666666666667,102.50251446732447,0
4,4,-5.833333333333333,50.35549939285245,0
4,4,-4.166666666666667,217.81213438389364,0
4,4,-3.8333333333333335,269.36934025366475,0
4,4,-2.1666666666666665,6.831190254343712,0
4,4,-1.8333333333333333,35.61072406262208,0
4,4,-0.16666666666666666,42.31743624206748,0
4,4,0.16666666666666666,56.34320097353583,0
4,4,1.8333333333333333,74.30074812637616,0
4,4,2.1666666666666665,22.17092596321112,0
4,4,3.8333333333333335,92.1835628615116,0
4,4,4.166666666666667,155.47160773896985,0
4,4,5.833333333333333,0.1996641389434435,0
4,4,6.166666666666667,42.4168199701358,0
4,4,7.833333333333333,135.56771204128145,0
4,4,8.166666666666666,86.60620880445082,0
5,-4,-9.166666666666666,230.01946011259793,0
5,-4,-8.833333333333334,8.65069487711771,0
5,-4,-7.166666666666667,0.22509407282592983,0
5,-4,-6.833333333333333,144.77070436386134,0
5,-4,-5.166666666666667,313.4909538205819,0
5,-4,-4.833333333333333,573.234334310643,0
5,-4,-3.1666666666666665,440.075190410807,0
5,-4,-2.8333333333333335,440.5458699214667,0
5,-4,-1.1666666666666667,118.90059070535567,0
5,-4,-0.8333333333333334,25.029750722008192,0
5,-4,0.8333333333333334,104.20831956087048,0
5,-4,1.1666666666666667,301.9594497511346,0
5,-4,4.833333333333333,98.87458020275027,0
5,-4,5.166666666666667,6.848587228461794,0
5,-4,6.833333333333333,129.22422280234056,0
5,-4,7.166666666666667,114.90487169676985,0
5,-4,8.833333333333334,67.90993080734376,0
5,-4,9.166666666666666,69.87049268078411,0
5,-3,-8.166666666666666,993.2820801130147,0
5,-3,-7.833333333333333,229.84361432935285,0
5,-3,-6.166666666666667,992.5922716023558,0
5,-3,-5.833333333333333,116.77755988472326,0
5,-3,-4.166666666666667,85.04906169629074,0
5,-3,-3.8333333333333335,63.630696824609394,0
5,-3,-0.16666666666666666,218.50782515079246,0
5,-3,0.16666666666666666,368.1269333890464,0
5,-3,1.8333333333333333,482.3675489895752,0
5,-3,2.1666666666666665,327.00135800016216,0
5,-3,3.8333333333333335,37.543652458335515,0
5,-3,4.166666666666667,46.22085287477078,0
5,-3,5.833333333333333,116.28136103530363,0
5,-3,6.166666666666667,444.0691204524277,0
5,-3,9.833333333333334,232.6932433369771,0
5,-3,10.166666666666666,237.89802766090497,0
5,-2,-9.166666666666666,98.80415486071892,0
5,-2,-8.833333333333334,143.96492230165225,0
5,-2,-7.166666666666667,197.2358943641287,0
5,-2,-6.833333333333333,311.6226565789325,0
5,-2,-5.166666666666667,314.4443280110661,0
5,-2,-4.833333333333333,771.1492260996339,0
5,-2,-3.1666666666666665,497.4442913027067,0
5,-2,-2.8333333333333335,353.87245020033305,0
5,-2,-1.1666666666666667,84.88516809847992,0
5,-2,-0.8333333333333334,225.07903477033855,0
5,-2,0.8333333333333334,203.60501313080977,0
5,-2,1.1666666666666667,233.45399221913905,0
5,-2,2.8333333333333335,209.57329744533425,0
5,-2,3.1666666666666665,1114.2110096432039,0
5,-2,4.833333333333333,457.81154433838276,0
5,-2,5.166666666666667,304.13164527226326,0
5,-2,6.833333333333333,161.76747913615336,0
5,-2,7.166666666666667,194.03812556562502,0
5,-2,8.833333333333334,96.00757965139908,0
5,-2,9.166666666666666,94.86704146993254,0
5,-1,-10.166666666666666,313.97553544875666,0
5,-1,-9.833333333333334,540.0763122621976,0
5,-1,-8.166666666666666,338.8720667360543,0
5,-1,-7.833333333333333,209.81479609907905,0
5,-1,-6.166666666666667,310.5448205542899,0
5,-1,-5.833333333333333,356.95250830600475,0
5,-1,-4.166666666666667,5.2509590621917285e-12,0
5,-1,-3.8333333333333335,50.31406187629395,0
5,-1,-2.1666666666666665,590.3001377132907,0
5,-1,-1.8333333333333333,911.9162316051643,0
5,-1,-0.16666666666666666,405.1115273169902,0
5,-1,0.16666666666666666,291.4433183836771,0
5,-1,5.833333333333333,115.51205113972514,0
5,-1,6.166666666666667,3288.403446487539,0
5,-1,7.833333333333333,119.88401346110656,0
5,-1,8.166666666666666,144.01231780647308,0
5,-1,9.833333333333334,182.62012512289945,0
5,-1,10.166666666666666,129.248058761905,0
5,0,-9.166666666666666,77.75221324203591,0
5,0,-8.833333333333334,167.9929663609215,0
5,0,-7.166666666666667,280.619502169699,0
5,0,-6.833333333333333,16.1385411342668,0
5,0,-5.166666666666667,281.66576172196363,0
5,0,-4.833333333333333,490.7288448067652,0
5,0,-3.1666666666666665,576.794725784817,0
5,0,-2.8333333333333335,187.4070299384198,0
5,0,4.833333333333333,195.65985617822818,0
5,0,5.166666666666667,112.69895064495286,0
5,0,6.833333333333333,53.003644162315084,0
5,0,7.166666666666667,64.89265602620155,0
5,0,8.833333333333334,32.2365531277141,0
5,0,9.166666666666666,15.239486003210235,0
5,1,-8.166666666666666,124.42429300296878,0
5,1,-7.833333333333333,123.39871819365872,0
5,1,-6.166666666666667,219.97884045662138,0
5,1,-5.833333333333333,2759.6828354678014,0
5,1,-4.166666666666667,21.77503450127989,0
5,1,-3.8333333333333335,95.02158589948809,0
5,1,-2.1666666666666665,9.70769616371884,0
5,1,-1.8333333333333333,73.29336383871303,0
5,1,-0.16666666666666666,69.21673800875017,0
5,1,0.16666666666666666,69.6412165888842,0
5,1,1.8333333333333333,76.37810301734805,0
5,1,2.1666666666666665,44.69008441254298,0
5,1,3.8333333333333335,20.302275511032953,0
5,1,4.166666666666667,23.66647762732908,0
5,1,5.833333333333333,61.61405870681156,0
5,1,6.166666666666667,118.22879744913634,0
5,1,7.833333333333333,16.52176568772315,0
5,1,8.166666666666666,57.45253196235975,0
5,2,-7.166666666666667,199.40868557954516,0
5,2,-6.833333333333333,199.05915738681676,0
5,2,-5.166666666666667,421.7143138929539,0
5,2,-4.833333333333333,351.2385547319169,0
5,2,-3.1666666666666665,793.8372281052622,0
5,2,-2.8333333333333335,132.0202758528789,0
5,2,-1.1666666666666667,19.842556791673946,0
5,2,-0.8333333333333334,3.481708052263432,0
5,2,0.8333333333333334,37.599126509834164,0
5,2,1.1666666666666667,22.2689487563826,0
5,2,2.8333333333333335,11.891893991847267,0
5,2,3.1666666666666665,72.62341518500516,0
5,2,4.833333333333333,114.3186494583716,0
5,2,5.166666666666667,101.47782911599921,0
5,2,6.833333333333333,73.6939109692772,0
5,2,7.166666666666667,40.22446722278976,0
5,3,-10.166666666666666,755.8714766090777,0
5,3,-9.833333333333334,290.07112776281906,0
5,3,-6.166666666666667,273.0602319115045,0
5,3,-5.833333333333333,179.67792831569636,0
5,3,-2.1666666666666665,198.06722669129886,0
5,3,-1.8333333333333333,66.0719067886937,0
5,3,-0.16666666666666666,37.72087797129849,0
5,3,0.16666666666666666,10.868902229139747,0
5,3,1.8333333333333333,35.25196390169587,0
5,3,2.1666666666666665,49.68542703617875,0
5,3,3.8333333333333335,18.68033768601739,0
5,3,4.166666666666667,11.149585481208256,0
5,3,5.833333333333333,28.02240359976298,0
5,3,6.166666666666667,158.04715898426477,0
5,3,7.833333333333333,7.873287365046417e-12,0
5,3,8.166666666666666,54.08051177523301,0
5,3,9.833333333333334,114.0345069337022,0
5,3,10.166666666666666,83.45058013928573,0
5,4,-9.166666666666666,76.8749719020725,0
5,4,-8.833333333333334,81.8289476722796,0
5,4,-5.166666666666667,680.4680662587001,0
5,4,-4.833333333333333,284.4240951447751,0
5,4,-3.1666666666666665,144.93637425276347,0
5,4,-2.8333333333333335,2.7409351866619704e-11,0
5,4,-1.1666666666666667,44.351906281856046,0
5,4,-0.8333333333333334,7.050885048983257,0
5,4,0.8333333333333334,28.87774546162211,0
5,4,1.1666666666666667,64.12491165036532,0
5,4,2.8333333333333335,36.69925023053828,0
5,4,3.1666666666666665,169.07309182953725,0
5,4,6.833333333333333,26.20485401020047,0
5,4,7.166666666666667,37.62854274473658,0
5,4,8.833333333333334,29.89688183549391,0
5,4,9.166666666666666,29.552110817866318,0
6,-4,-10.166666666666666,188.9612345876934,0
6,-4,-9.833333333333334,248.7322833311972,0
6,-4,-8.166666666666666,626.9790687669803,0
6,-4,-7.833333333333333,286.18165897661225,0
6,-4,-6.166666666666667,167.34084729505366,0
6,-4,-5.833333333333333,34.4795911254497,0
6,-4,-4.166666666666667,219.6244763540159,0
6,-4,-3.8333333333333335,301.17961963204,0
6,-4,-2.1666666666666665,142.12778949640622,0
6,-4,-1.8333333333333333,170.94663366779176,0
6,-4,-0.16666666666666666,334.84307249910535,0
6,-4,0.16666666666666666,57.1123644909426,0
6,-4,1.8333333333333333,122.41945118782189,0
6,-4,2.1666666666666665,91.84885569939514,0
6,-4,3.8333333333333335,136.5061924743218,0
6,-4,4.166666666666667,204.02957663064885,0
6,-4,5.833333333333333,56.237049426314506,0
6,-4,6.166666666666667,122.3080930466244,0
6,-4,7.833333333333333,40.70969158891798,0
6,-4,8.166666666666666,1.368616405943879,0
6,-3,-9.166666666666666,478.09041104342316,0
6,-3,-8.833333333333334,3.9228841490081056e-14,0
6,-3,-7.166666666666667,237.97490205919863,0
6,-3,-6.833333333333333,328.0908073360001,0
6,-3,-5.166666666666667,608.8796383537053,0
6,-3,-4.833333333333333,457.84080678534355,0
6,-3,-1.1666666666666667,252.2636028932816,0
6,-3,-0.8333333333333334,156.01428473957262,0
6,-3,2.8333333333333335,342.6501992693538,0
6,-3,3.1666666666666665,444.15642213655053,0
6,-3,4.833333333333333,79.2723665640573,0
6,-3,5.166666666666667,1.2750219916316587,0
6,-3,6.833333333333333,180.60207037005804,0
6,-3,7.166666666666667,109.43992954013642,0
6,-3,8.833333333333334,50.66281791802015,0
6,-3,9.166666666666666,82.15523472616962,0
6,-2,-10.166666666666666,104.36753704871859,0
6,-2,-9.833333333333334,204.78980623373982,0
6,-2,-8.166666666666666,800.5982766267841,0
6,-2,-7.833333333333333,647.0159668019445,0
6,-2,-6.166666666666667,298.4628124574323,0
6,-2,-5.833333333333333,82.441904007981,0
6,-2,-2.1666666666666665,174.2196178555138,0
6,-2,-1.8333333333333333,190.33304328011218,0
6,-2,-0.16666666666666666,218.94796905845322,0
6,-2,0.16666666666666666,10.800353178180822,0
6,-2,1.8333333333333333,231.97761964217628,0
6,-2,2.1666666666666665,106.5737831324596,0
6,-2,3.8333333333333335,214.3880191499078,0
6,-2,4.166666666666667,351.4797490204516,0
6,-2,5.833333333333333,74.24533883989882,0
6,-2,6.166666666666667,7.832845414384937e-19,0
6,-2,7.833333333333333,248.09758994535287,0
6,-2,8.166666666666666,438.393859423192,0
6,-2,9.833333333333334,123.68652736928738,0
6,-2,10.166666666666666,100.23275645184532,0
6,-1,-9.166666666666666,113.66514897345444,0
6,-1,-8.833333333333334,60.24814475548192,0
6,-1,-3.1666666666666665,846.443301829691,0
6,-1,-2.8333333333333335,2.8405818925935256,0
6,-1,-1.1666666666666667,236.9120565700727,0
6,-1,-0.8333333333333334,142.77921132838804,0
6,-1,0.8333333333333334,95.0833879612151,0
6,-1,1.1666666666666667,378.9891228743319,0
6,-1,2.8333333333333335,214.12688758413523,0
6,-1,3.1666666666666665,140.71977301580696,0
6,-1,4.833333333333333,170.62776464291923,0
6,-1,5.166666666666667,325.59477913654234,0
6,-1,6.833333333333333,200.04927593680506,0
6,-1,7.166666666666667,70.31060829026978,0
6,0,-10.166666666666666,141.18897145604015,0
6,0,-9.833333333333334,255.60367483160783,0
6,0,-8.166666666666666,1.3339294490623048e-06,0
6,0,-7.833333333333333,371.87059944918906,0
6,0,-4.166666666666667,440.3740696752708,0
6,0,-3.8333333333333335,543.9579706792802,0
6,0,-2.1666666666666665,122.97619510991325,0
6,0,-1.8333333333333333,295.1594910680239,0
6,0,-0.16666666666666666,876.099375434458,0
6,0,0.16666666666666666,1105.1367110654628,0
6,0,1.8333333333333333,227.3255554297254,0
6,0,2.1666666666666665,160.37013608391965,0
6,0,3.8333333333333335,271.65272880056517,0
6,0,4.166666666666667,344.7494605864921,0
6,0,5.833333333333333,53.411746746752826,0
6,0,6.166666666666667,60.43035311825836,0
6,0,9.833333333333334,57.04157989600724,0
6,0,10.166666666666666,29.200859856709158,0
6,1,-9.166666666666666,106.53744726484632,0
6,1,-8.833333333333334,49.953827746825986,0
6,1,-7.166666666666667,57.82005676132223,0
6,1,-6.833333333333333,298.53316990255206,0
6,1,-5.166666666666667,788.7307023020365,0
6,1,-4.833333333333333,255.48178690427298,0
6,1,-3.1666666666666665,407.1291060504413,0
6,1,-2.8333333333333335,393.46052781520393,0
6,1,-1.1666666666666667,271.14956169039846,0
6,1,-0.8333333333333334,89.76900155362341,0
6,1,2.8333333333333335,386.46564591341144,0
6,1,3.1666666666666665,573.0843144662393,0
6,1,4.833333333333333,115.60712898101876,0
6,1,5.166666666666667,261.59280466268746,0
6,1,6.833333333333333,74.36337733128265,0
6,1,7.166666666666667,41.406354813824244,0
6,1,8.833333333333334,12.98491775853597,0
6,1,9.166666666666666,47.61369376820692,0
6,2,-10.166666666666666,71.69162002661596,0
6,2,-9.833333333333334,180.14332403937166,0
6,2,-8.166666666666666,336.74693037339694,0
6,2,-7.833333333333333,336.7302616839289,0
6,2,-4.166666666666667,252.8910792361778,0
6,2,-3.8333333333333335,15.090099163460897,0
6,2,-2.1666666666666665,64.72890038280265,0
6,2,-1.8333333333333333,157.4783970619486,0
6,2,-0.16666666666666666,693.4802006223874,0
6,2,0.16666666666666666,878.4631267779162,0
6,2,1.8333333333333333,11.720585905012262,0
6,2,2.1666666666666665,5.7912217072981145,0
6,2,5.833333333333333,15.258402105694362,0
6,2,6.166666666666667,73.806538057043,0
6,2,7.833333333333333,94.60790061402432,0
6,2,8.166666666666666,179.5515445853821,0
6,2,9.833333333333334,43.79051461733905,0
6,2,10.166666666666666,38.22327196580585,0
6,3,-9.166666666666666,109.68107258819099,0
6,3,-8.833333333333334,58.19135500080338,0
6,3,-7.166666666666667,87.04785377732831,0
6,3,-6.833333333333333,2.815076390857846,0
6,3,-3.1666666666666665,223.79105822083946,0
6,3,-2.8333333333333335,120.16043338033143,0
6,3,-1.1666666666666667,77.74991946074697,0
6,3,-0.8333333333333334,2.426851182571018e-11,0
6,3,0.8333333333333334,7.240649762460346,0
6,3,1.1666666666666667,66.50778688987232,0
6,3,2.8333333333333335,91.99695750573812,0
6,3,3.1666666666666665,56.868238713633694,0
6,3,4.833333333333333,33.59213799223171,0
6,3,5.166666666666667,119.97634042882031,0
6,3,6.833333333333333,49.58872896469089,0
6,3,7.166666666666667,24.94312306543479,0
6,3,8.833333333333334,10.901132955488675,0
6,3,9.166666666666666,24.94145356096296,0
6,4,-10.166666666666666,4.076115333148379e-12,0
6,4,-9.833333333333334,122.54434810921143,0
6,4,-8.166666666666666,278.9978170789332,0
6,4,-7.833333333333333,2.468937363505778,0
6,4,-6.166666666666667,101.95101170413628,0
6,4,-5.833333333333333,60.041007758652725,0
6,4,-4.166666666666667,10.822123138633465,0
6,4,-3.8333333333333335,1.2016509660112673,0
6,4,-2.1666666666666665,28.98505413366711,0
6,4,-1.8333333333333333,20.03591671926929,0
6,4,-0.16666666666666666,52.89040708091309,0
6,4,0.16666666666666666,16.688163382868858,0
6,4,1.8333333333333333,70.8475063212479,0
6,4,2.1666666666666665,43.74092155863009,0
6,4,3.8333333333333335,22.158973349436984,0
6,4,4.166666666666667,78.53164390834289,0
6,4,5.833333333333333,26.115288942193025,0
6,4,6.166666666666667,42.24169741184213,0
6,4,7.833333333333333,91.74917356088179,0
6,4,8.166666666666666,126.57545817183563,0
7,-4,-9.166666666666666,259.8678439827622,0
7,-4,-8.833333333333334,96.00378502444948,0
7,-4,-7.166666666666667,250.07141751597456,0
7,-4,-6.833333333333333,24.832319228487957,0
7,-4,-5.166666666666667,343.67739943098326,0
7,-4,-4.833333333333333,101.44749685613067,0
7,-4,2.8333333333333335,163.48117509913098,0
7,-4,3.1666666666666665,23.686969412099995,0
7,-4,4.833333333333333,124.88718569391176,0
7,-4,5.166666666666667,172.36820089022993,0
7,-4,6.833333333333333,51.67113631398572,0
7,-4,7.166666666666667,110.24233504289056,0
7,-4,8.833333333333334,28.45469206987013,0
7,-4,9.166666666666666,2.2405644521670435e-11,0
7,-3,-10.166666666666666,849.9848328537425,0
7,-3,-9.833333333333334,48.0243799136538,0
7,-3,-6.166666666666667,583.86278998865,0
7,-3,-5.833333333333333,136.6225650625058,0
7,-3,-4.166666666666667,187.6955051551428,0
7,-3,-3.8333333333333335,15.433005034920098,0
7,-3,-2.1666666666666665,469.75646938346557,0
7,-3,-1.8333333333333333,416.546816978441,0
7,-3,-0.16666666666666666,347.93748511898633,0
7,-3,0.16666666666666666,30.20163280885015,0
7,-3,1.8333333333333333,509.5948190029734,0
7,-3,2.1666666666666665,280.1704492657029,0
7,-3,3.8333333333333335,58.08020768518351,0
7,-3,4.166666666666667,0.06541443666774456,0
7,-3,5.833333333333333,220.566360655163,0
7,-3,6.166666666666667,9.533314939488298e-10,0
7,-3,7.833333333333333,51.13531711150639,0
7,-3,8.166666666666666,602.4432737528152,0
7,-2,-7.166666666666667,373.0317699990093,0
7,-2,-6.833333333333333,19.884743846724795,0
7,-2,-5.166666666666667,854.2190776322207,0
7,-2,-4.833333333333333,589.039702369056,0
7,-2,-3.1666666666666665,1201.6833526132627,0
7,-2,-2.8333333333333335,8.05278316753323e-12,0
7,-2,-1.1666666666666667,464.58359301347116,0
7,-2,-0.8333333333333334,50.448775292714274,0
7,-2,0.8333333333333334,226.1064355414139,0
7,-2,1.1666666666666667,342.1415503859456,0
7,-2,2.8333333333333335,463.87562198820694,0
7,-2,3.1666666666666665,253.8625536499599,0
7,-2,8.833333333333334,90.6431299687539,0
7,-2,9.166666666666666,62.224874023899254,0
7,-1,-8.166666666666666,288.0713449851007,0
7,-1,-7.833333333333333,15.157004412387899,0
7,-1,-6.166666666666667,610.7834492247091,0
7,-1,-5.833333333333333,230.78983940537367,0
7,-1,-4.166666666666667,56.561827100964685,0
7,-1,-3.8333333333333335,10.082563796544383,0
7,-1,-2.1666666666666665,897.3031260949333,0
7,-1,-1.8333333333333333,314.67802708843726,0
7,-1,-0.16666666666666666,611.2869919302494,0
7,-1,0.16666666666666666,112.66488070692057,0
7,-1,1.8333333333333333,455.85585004247014,0
7,-1,2.1666666666666665,402.3640842977669,0
7,-1,3.8333333333333335,67.3622009851,0
7,-1,4.166666666666667,97.8238320143356,0
7,-1,5.833333333333333,178.96962395865694,0
7,-1,6.166666666666667,331.04926504787113,0
7,-1,7.833333333333333,32.322020981115564,0
7,-1,8.166666666666666,66.96858214677331,0
7,-1,9.833333333333334,53.386838932712756,0
7,-1,10.166666666666666,74.83399912442418,0
7,0,-9.166666666666666,130.9019999563525,0
7,0,-8.833333333333334,232.07583137648842,0
7,0,-7.166666666666667,217.48830586568556,0
7,0,-6.833333333333333,136.8803217954822,0
7,0,-5.166666666666667,480.39613117769073,0
7,0,-4.833333333333333,810.6184889942175,0
7,0,-3.1666666666666665,482.6296650035563,0
7,0,-2.8333333333333335,825.812427992385,0
7,0,-1.1666666666666667,113.74007588918028,0
7,0,-0.8333333333333334,1.2107259165640631,0
7,0,0.8333333333333334,178.05856428236356,0
7,0,1.1666666666666667,42.00200731974101,0
7,0,2.8333333333333335,58.06967727132724,0
7,0,3.1666666666666665,225.76597042687365,0
7,0,4.833333333333333,203.3646739910426,0
7,0,5.166666666666667,107.30639436050609,0
7,0,6.833333333333333,61.60329718077167,0
7,0,7.166666666666667,62.42395187918363,0
7,0,8.833333333333334,28.343314481997073,0
7,0,9.166666666666666,28.339961742412143,0
7,1,-8.166666666666666,86.95880534288278,0
7,1,-7.833333333333333,5.910706361123315,0
7,1,-6.166666666666667,494.17581778551084,0
7,1,-5.833333333333333,2.425221560126011e-07,0
7,1,-4.166666666666667,37.12637224622108,0
7,1,-3.8333333333333335,75.99245314570018,0
7,1,-2.1666666666666665,183.39761745075316,0
7,1,-1.8333333333333333,21.913687694021768,0
7,1,-0.16666666666666666,258.7954437309144,0
7,1,0.16666666666666666,46.706530385262674,0
7,1,1.8333333333333333,539.282046785999,0
7,1,2.1666666666666665,65.91151341803808,0
7,1,3.8333333333333335,20.622971264354543,0
7,1,4.166666666666667,36.615541572438424,0
7,1,7.833333333333333,40.293661601969504,0
7,1,8.166666666666666,64.6489702432785,0
7,2,-7.166666666666667,108.0829696286346,0
7,2,-6.833333333333333,123.3646509101899,0
7,2,-5.166666666666667,263.2227740620251,0
7,2,-4.833333333333333,16.40687554661604,0
7,2,-3.1666666666666665,389.0659996775244,0
7,2,-2.8333333333333335,86.48537828943077,0
7,2,-1.1666666666666667,21.364907910164227,0
7,2,-0.8333333333333334,20.586324326877794,0
7,2,0.8333333333333334,31.851377935638563,0
7,2,1.1666666666666667,21.49643577403359,0
7,2,2.8333333333333335,47.360375316008835,0
7,2,3.1666666666666665,92.10723036878471,0
7,2,4.833333333333333,54.98181658244652,0
7,2,5.166666666666667,84.31984462233497,0
7,2,6.833333333333333,13.468284594583858,0
7,2,7.166666666666667,4.165376601336946,0
7,3,-10.166666666666666,77.06604415746,0
7,3,-9.833333333333334,276.51752117700835,0
7,3,-8.166666666666666,146.7406180514174,0
7,3,-7.833333333333333,0.15684073371635518,0
7,3,-6.166666666666667,177.46129735256255,0
7,3,-5.833333333333333,78.8284715800739,0
7,3,-4.166666666666667,36.772434133024205,0
7,3,-3.8333333333333335,2.113507927354739,0
7,3,-2.1666666666666665,66.80490922271261,0
7,3,-1.8333333333333333,60.64992108288098,0
7,3,-0.16666666666666666,136.96855840380556,0
7,3,0.16666666666666666,23.755061119680967,0
7,3,1.8333333333333333,95.9793856624123,0
7,3,2.1666666666666665,107.12299825318321,0
7,3,3.8333333333333335,20.54305061804832,0
7,3,4.166666666666667,21.055386371737367,0
7,3,7.833333333333333,40.387149831492785,0
7,3,8.166666666666666,67.08092502479569,0
7,3,9.833333333333334,88.48719234468771,0
7,3,10.166666666666666,75.83640420028479,0
7,4,-9.166666666666666,64.54352303542893,0
7,4,-8.833333333333334,53.11476678545713,0
7,4,-7.166666666666667,78.35376535679414,0
7,4,-6.833333333333333,2.7729594708944654,0
7,4,-5.166666666666667,21.619310645276947,0
7,4,-4.833333333333333,27.027569997124225,0
7,4,-1.1666666666666667,65.25597414932217,0
7,4,-0.8333333333333334,16.657737089069172,0
7,4,0.8333333333333334,34.59743893868469,0
7,4,1.1666666666666667,15.964731102911314,0
7,4,6.833333333333333,78.41497454792182,0
7,4,7.166666666666667,13.24171046597969,0
7,4,8.833333333333334,25.313657004307696,0
7,4,9.166666666666666,24.897240709356335,0
8,-4,-10.166666666666666,215.03656607873964,0
8,-4,-9.833333333333334,9.426773543158784,0
8,-4,-8.166666666666666,489.0520214617813,0
8,-4,-7.833333333333333,163.7944266835154,0
8,-4,-6.166666666666667,261.3370117985172,0
8,-4,-5.833333333333333,47.32856820524775,0
8,-4,-4.166666666666667,329.1232501146346,0
8,-4,-3.8333333333333335,82.11033701571137,0
8,-4,-2.1666666666666665,208.19219881105138,0
8,-4,-1.8333333333333333,131.82119237009724,0
8,-4,-0.16666666666666666,164.95904327851025,0
8,-4,0.16666666666666666,30.526442803294078,0
8,-4,1.8333333333333333,268.05452095710217,0
8,-4,2.1666666666666665,20.298208126473433,0
8,-4,3.8333333333333335,218.77190901897714,0
8,-4,4.166666666666667,75.9556288140772,0
8,-4,5.833333333333333,45.59818618951983,0
8,-4,6.166666666666667,10.786372508806828,0
8,-4,7.833333333333333,136.30918835728312,0
8,-4,8.166666666666666,146.14564369721717,0
8,-4,9.833333333333334,33.444939363334626,0
8,-4,10.166666666666666,1.555658053816004,0
8,-3,-9.166666666666666,254.28349326866672,0
8,-3,-8.833333333333334,7.757805736820559,0
8,-3,-7.166666666666667,175.491953786576,0
8,-3,-6.833333333333333,88.9925253446513,0
8,-3,-5.166666666666667,730.3424300629532,0
8,-3,-4.833333333333333,3.112164509836995,0
8,-3,-3.1666666666666665,423.5439763865193,0
8,-3,-2.8333333333333335,69.66829072640792,0
8,-3,-1.1666666666666667,337.75709642771835,0
8,-3,-0.8333333333333334,0.016964667578062496,0
8,-3,0.8333333333333334,300.171563730742,0
8,-3,1.1666666666666667,43.56230224388316,0
8,-3,2.8333333333333335,302.10502037307145,0
8,-3,3.1666666666666665,220.9850864392738,0
8,-3,4.833333333333333,198.50132698631646,0
8,-3,5.166666666666667,183.24658684151163,0
8,-3,6.833333333333333,134.6932038752225,0
8,-3,7.166666666666667,52.12299430405242,0
8,-3,8.833333333333334,130.66419987813134,0
8,-3,9.166666666666666,17.2171549334091,0
8,-2,-10.166666666666666,121.6022375255848,0
8,-2,-9.833333333333334,5.5689049131549506e-14,0
8,-2,-8.166666666666666,970.2290960434906,0
8,-2,-7.833333333333333,43.13493199683496,0
8,-2,-6.166666666666667,365.7206426530791,0
8,-2,-5.833333333333333,77.40177220704867,0
8,-2,-4.166666666666667,497.10922138239465,0
8,-2,-3.8333333333333335,254.01849603928807,0
8,-2,-2.1666666666666665,240.91684962458785,0
8,-2,-1.8333333333333333,123.91726289583492,0
8,-2,-0.16666666666666666,996.6035893517108,0
8,-2,0.16666666666666666,0.6554789865316666,0
8,-2,1.8333333333333333,185.44751117269922,0
8,-2,2.1666666666666665,1.9870534588746884,0
8,-2,3.8333333333333335,19.408471208088066,0
8,-2,4.166666666666667,1.1545567471240992,0
8,-2,5.833333333333333,234.687327634447,0
8,-2,6.166666666666667,7.737321441925811,0
8,-1,-9.166666666666666,297.25462652373653,0
8,-1,-8.833333333333334,0.818907088332658,0
8,-1,-7.166666666666667,402.87609811286455,0
8,-1,-6.833333333333333,28.338535561636824,0
8,-1,-5.166666666666667,446.93246007508924,0
8,-1,-4.833333333333333,261.29163291088804,0
8,-1,-3.1666666666666665,153.25931959406392,0
8,-1,-2.8333333333333335,162.6296663084758,0
8,-1,-1.1666666666666667,402.2985943817849,0
8,-1,-0.8333333333333334,108.77901118844899,0
8,-1,0.8333333333333334,158.1307667844293,0
8,-1,1.1666666666666667,72.59000862929196,0
8,-1,2.8333333333333335,266.08470179840265,0
8,-1,3.1666666666666665,249.89874798018948,0
8,-1,4.833333333333333,181.97937639139522,0
8,-1,5.166666666666667,351.3142425210647,0
8,-1,6.833333333333333,43.01135365758589,0
8,-1,7.166666666666667,27.37743697444658,0
8,0,-10.166666666666666,49.96663712235753,0
8,0,-9.833333333333334,14.253763448237457,0
8,0,-8.166666666666666,458.24844229731275,0
8,0,-7.833333333333333,395.9758184233679,0
8,0,-6.166666666666667,154.969989996712,0
8,0,-5.833333333333333,58.72208017038195,0
8,0,-4.166666666666667,167.981213338868,0
8,0,-3.8333333333333335,50.59247600431429,0
8,0,-2.1666666666666665,414.1205037503585,0
8,0,-1.8333333333333333,178.01974282268174,0
8,0,-0.16666666666666666,643.002977505693,0
8,0,0.16666666666666666,658.1623551000151,0
8,0,1.8333333333333333,203.98781615678917,0
8,0,2.1666666666666665,112.3229912016999,0
8,0,3.8333333333333335,159.55300883960544,0
8,0,4.166666666666667,37.68012181567138,0
8,0,5.833333333333333,9.524702366608583,0
8,0,6.166666666666667,15.459654566727297,0
8,0,7.833333333333333,105.04903863737088,0
8,0,8.166666666666666,136.82188473864468,0
8,0,9.833333333333334,40.0548875591493,0
8,0,10.166666666666666,35.58435799153596,0
8,1,-9.166666666666666,134.48264879635968,0
8,1,-8.833333333333334,0.46462358279881333,0
8,1,-7.166666666666667,48.6888985570727,0
8,1,-6.833333333333333,182.07656157237523,0
8,1,-5.166666666666667,249.50537815542938,0
8,1,-4.833333333333333,42.82410018670414,0
8,1,-3.1666666666666665,395.4508209253308,0
8,1,-2.8333333333333335,397.29170843715764,0
8,1,-1.1666666666666667,234.48361452478045,0
8,1,-0.8333333333333334,105.18561995297026,0
8,1,0.8333333333333334,125.90613935367605,0
8,1,1.1666666666666667,24.260438271166752,0
8,1,4.833333333333333,180.7419064871434,0
8,1,5.166666666666667,22.65912101928778,0
8,1,6.833333333333333,42.70182321490791,0
8,1,7.166666666666667,4.7629079233345116e-14,0
8,1,8.833333333333334,70.78688115617311,0
8,1,9.166666666666666,2.9994830705044384,0
8,2,-10.166666666666666,88.56027122984037,0
8,2,-9.833333333333334,7.8507993272636,0
8,2,-6.166666666666667,46.11159337033648,0
8,2,-5.833333333333333,38.45879465799183,0
8,2,-4.166666666666667,107.80460544579279,0
8,2,-3.8333333333333335,107.02305679188358,0
8,2,-2.1666666666666665,103.75476311488342,0
8,2,-1.8333333333333333,74.08013028530127,0
8,2,-0.16666666666666666,244.77220682786677,0
8,2,0.16666666666666666,67.17764111909506,0
8,2,1.8333333333333333,141.14323247649295,0
8,2,2.1666666666666665,7.680834731985091,0
8,2,3.8333333333333335,124.20021664726968,0
8,2,4.166666666666667,52.73853010964242,0
8,2,5.833333333333333,22.886375285804977,0
8,2,6.166666666666667,11.595087495191216,0
8,2,9.833333333333334,30.96273933182874,0
8,2,10.166666666666666,0.1392050796468632,0
8,3,-7.166666666666667,24.88434958063627,0
8,3,-6.833333333333333,11.775464660881674,0
8,3,-5.166666666666667,93.25254110300129,0
8,3,-4.833333333333333,13.233839477888079,0
8,3,-3.1666666666666665,61.235817259546835,0
8,3,-2.8333333333333335,37.2268100233154,0
8,3,-1.1666666666666667,48.60132070589506,0
8,3,-0.8333333333333334,48.231379662009225,0
8,3,0.8333333333333334,71.25138144902343,0
8,3,1.1666666666666667,15.96731289821967,0
8,3,2.8333333333333335,76.29529438900556,0
8,3,3.1666666666666665,73.25833714696809,0
8,3,4.833333333333333,66.63215236306588,0
8,3,5.166666666666667,48.6258718625408,0
8,3,6.833333333333333,48.815317693491096,0
8,3,7.166666666666667,37.94666831574523,0
8,3,8.833333333333334,6.220146651811286,0
8,3,9.166666666666666,43.27367399463399,0
8,4,-10.166666666666666,20.238370323740963,0
8,4,-9.833333333333334,93.4248431969389,0
8,4,-8.166666666666666,138.6153028145049,0
8,4,-7.833333333333333,3.2932293833932853,0
8,4,-6.166666666666667,25.72662441070526,0
8,4,-5.833333333333333,1.292395996153397,0
8,4,-4.166666666666667,31.897082563609242,0
8,4,-3.8333333333333335,31.84632606843594,0
8,4,-2.1666666666666665,68.1905201608025,0
8,4,-1.8333333333333333,51.817379495473986,0
8,4,-0.16666666666666666,134.84143331618208,0
8,4,0.16666666666666666,26.72280234724172,0
8,4,1.8333333333333333,69.61564032155152,0
8,4,2.1666666666666665,13.517933572964786,0
8,4,3.8333333333333335,58.92913691189551,0
8,4,4.166666666666667,56.8938811301638,0
8,4,5.833333333333333,14.897370622911424,0
8,4,6.166666666666667,46.51842301706314,0
8,4,7.833333333333333,74.58587672852968,0
8,4,8.166666666666666,91.05062596817808,0
8,4,9.833333333333334,27.804847903982694,0
8,4,10.166666666666666,11.805368540551642,0
9,-4,-9.166666666666666,134.71281880673962,0
9,-4,-8.833333333333334,104.18384523923223,0
9,-4,-7.166666666666667,268.29798713876886,0
9,-4,-6.833333333333333,33.50174075747781,0
9,-4,-5.166666666666667,281.98768960157736,0
9,-4,-4.833333333333333,57.692502172155805,0
9,-4,-3.1666666666666665,472.33762065368563,0
9,-4,-2.8333333333333335,74.80422464863648,0
9,-4,-1.1666666666666667,153.58636133593458,0
9,-4,-0.8333333333333334,18.5467593463829,0
9,-4,0.8333333333333334,147.81850033724737,0
9,-4,1.1666666666666667,16.031648626063966,0
9,-4,2.8333333333333335,193.2661070068217,0
9,-4,3.1666666666666665,24.79366835448423,0
9,-4,4.833333333333333,159.83229933281524,0
9,-4,5.166666666666667,4.858648410652317,0
9,-4,6.833333333333333,126.8891508160625,0
9,-4,7.166666666666667,14.209318640991723,0
9,-4,8.833333333333334,82.59429366599046,0
9,-4,9.166666666666666,8.432774300114302,0
9,-3,-10.166666666666666,305.512271177569,0
9,-3,-9.833333333333334,5.8682054415297955,0
9,-3,-8.166666666666666,374.59178403899637,0
9,-3,-7.833333333333333,20.642406334997148,0
9,-3,-6.166666666666667,454.6331881991344,0
9,-3,-5.833333333333333,34.884654782293936,0
9,-3,-2.1666666666666665,354.98849587011597,0
9,-3,-1.8333333333333333,84.00880529759411,0
9,-3,-0.16666666666666666,312.60493076465366,0
9,-3,0.16666666666666666,99.0456875904369,0
9,-3,1.8333333333333333,300.73015802979336,0
9,-3,2.1666666666666665,10.889282454443979,0
9,-3,3.8333333333333335,85.38012872162335,0
9,-3,4.166666666666667,10.618202912723653,0
9,-3,5.833333333333333,123.88949843469697,0
9,-3,6.166666666666667,28.27556651222417,0
9,-2,-9.166666666666666,197.64597320715453,0
9,-2,-8.833333333333334,19.712218912707126,0
9,-2,-5.166666666666667,369.04693047466486,0
9,-2,-4.833333333333333,67.5286621174229,0
9,-2,-3.1666666666666665,576.6131337477939,0
9,-2,-2.8333333333333335,5.236735035717743e-11,0
9,-2,-1.1666666666666667,219.5529442722467,0
9,-2,-0.8333333333333334,51.33941043101598,0
9,-2,0.8333333333333334,242.75941780181037,0
9,-2,1.1666666666666667,12.03228813217418,0
9,-2,2.8333333333333335,189.6712739666185,0
9,-2,3.1666666666666665,104.86155436098399,0
9,-2,4.833333333333333,467.04866965184044,0
9,-2,5.166666666666667,8.75841788029109,0
9,-2,6.833333333333333,202.34507250293973,0
9,-2,7.166666666666667,12.401352525736723,0
9,-1,-10.166666666666666,219.05790310440855,0
9,-1,-9.833333333333334,25.295001414860092,0
9,-1,-6.166666666666667,363.6723455184207,0
9,-1,-5.833333333333333,168.49274360727884,0
9,-1,-4.166666666666667,245.11886897057332,0
9,-1,-3.8333333333333335,122.4089292767854,0
9,-1,-2.1666666666666665,851.3268630446482,0
9,-1,-1.8333333333333333,372.50004690064776,0
9,-1,-0.16666666666666666,586.1091729652419,0
9,-1,0.16666666666666666,393.79637433071395,0
9,-1,1.8333333333333333,506.0842039151047,0
9,-1,2.1666666666666665,9.741838483423331,0
9,-1,3.8333333333333335,148.63576931632815,0
9,-1,4.166666666666667,16.89754265434403,0
9,0,-7.166666666666667,135.86912464369408,0
9,0,-6.833333333333333,15.68141603008497,0
9,0,-5.166666666666667,174.06620277276477,0
9,0,-4.833333333333333,49.985722985994045,0
9,0,-3.1666666666666665,279.46609439966244,0
9,0,-2.8333333333333335,4.78849607083756,0
9,0,-1.1666666666666667,192.76961305676875,0
9,0,-0.8333333333333334,20.9724336019502,0
9,0,0.8333333333333334,168.96578962465276,0
9,0,1.1666666666666667,106.48453075912873,0
9,0,2.8333333333333335,72.96642820574598,0
9,0,3.1666666666666665,16.313083988145436,0
9,0,4.833333333333333,49.38657447206354,0
9,0,5.166666666666667,33.91735021894436,0
9,0,6.833333333333333,52.24469833609074,0
9,0,7.166666666666667,9.446635486903116,0
9,0,8.833333333333334,23.55953388758786,0
9,0,9.166666666666666,11.941378147507185,0
9,1,-10.166666666666666,212.54342919624838,0
9,1,-9.833333333333334,22.589935564896965,0
9,1,-8.166666666666666,174.35799511123224,0
9,1,-7.833333333333333,85.9129158407854,0
9,1,-6.166666666666667,353.8245040052105,0
9,1,-5.833333333333333,7.58114045667637,0
9,1,-4.166666666666667,58.62007012275055,0
9,1,-3.8333333333333335,8.227170265436618,0
9,1,-2.1666666666666665,560.1792371078884,0
9,1,-1.8333333333333333,84.66404513071787,0
9,1,-0.16666666666666666,110.35400101245112,0
9,1,0.16666666666666666,18.46436944645464,0
9,1,1.8333333333333333,198.2782212173441,0
9,1,2.1666666666666665,10.791003201925964,0
9,1,3.8333333333333335,30.82640111810987,0
9,1,4.166666666666667,12.54113266590431,0
9,1,5.833333333333333,49.656319704873795,0
9,1,6.166666666666667,56.077756764199044,0
9,1,7.833333333333333,19.53483937963944,0
9,1,8.166666666666666,27.62415596314021,0
9,1,9.833333333333334,39.15546298882102,0
9,1,10.166666666666666,10.243996466431598,0
9,2,-7.166666666666667,78.12977001873817,0
9,2,-6.833333333333333,6.380799054141377,0
9,2,-5.166666666666667,287.94838465241185,0
9,2,-4.833333333333333,26.39737147500851,0
9,2,-3.1666666666666665,237.58847571846997,0
9,2,-2.8333333333333335,7.771253821158917e-28,0
9,2,-1.1666666666666667,32.74018723236955,0
9,2,-0.8333333333333334,7.21093461380105,0
9,2,0.8333333333333334,92.0136020987532,0
9,2,1.1666666666666667,22.963728551589824,0
9,2,2.8333333333333335,94.12208499322315,0
9,2,3.1666666666666665,42.45968053069948,0
9,2,4.833333333333333,114.76854871793266,0
9,2,5.166666666666667,15.945385076810407,0
9,2,8.833333333333334,17.684332674150802,0
9,2,9.166666666666666,0.0033769620359011343,0
9,3,-10.166666666666666,95.49256746660677,0
9,3,-9.833333333333334,84.45330672834704,0
9,3,-8.166666666666666,76.64870760895064,0
9,3,-7.833333333333333,14.581986037256733,0
9,3,-6.166666666666667,102.9711520253463,0
9,3,-5.833333333333333,31.76266375017147,0
9,3,-2.1666666666666665,34.04493013913,0
9,3,-1.8333333333333333,12.912143137610546,0
9,3,-0.16666666666666666,1.1079024572288374,0
9,3,0.16666666666666666,2.612072746550234,0
9,3,1.8333333333333333,204.10210786902823,0
9,3,2.1666666666666665,9.184988312118318,0
9,3,5.833333333333333,42.26588473557685,0
9,3,6.166666666666667,77.02322712095098,0
9,3,7.833333333333333,53.18091154136913,0
9,3,8.166666666666666,10.796357200828666,0
9,3,9.833333333333334,56.28782666629139,0
9,3,10.166666666666666,4.274692170421819,0
9,4,-9.166666666666666,27.191573614536402,0
9,4,-8.833333333333334,5.42491420570532,0
9,4,-7.166666666666667,55.687158836354754,0
9,4,-6.833333333333333,8.51038049047461,0
9,4,-5.166666666666667,83.96875799128865,0
9,4,-4.833333333333333,51.388661792553776,0
9,4,-3.1666666666666665,25.36638110663871,0
9,4,-2.8333333333333335,5.594489869251599,0
9,4,-1.1666666666666667,9.653758717467232,0
9,4,-0.8333333333333334,1.1399154091091968e-10,0
9,4,0.8333333333333334,68.49838430057389,0
9,4,1.1666666666666667,17.94645824811861,0
9,4,2.8333333333333335,48.96643283013865,0
9,4,3.1666666666666665,59.67115464081219,0
9,4,4.833333333333333,40.81762265952944,0
9,4,5.166666666666667,57.13225953387384,0
9,4,6.833333333333333,59.59809692942655,0
9,4,7.166666666666667,10.959573051193567,0
9,4,8.833333333333334,24.53936228272073,0
9,4,9.166666666666666,3.722621542274431,0
10,-4,-10.166666666666666,117.1775663773714,0
10,-4,-9.833333333333334,1.9893132143040553e-10,0
10,-4,-6.166666666666667,146.64077852067194,0
10,-4,-5.833333333333333,1.749125694381466,0
10,-4,-4.166666666666667,165.47192819326293,0
10,-4,-3.8333333333333335,91.72973206352421,0
10,-4,-2.1666666666666665,153.0962171431674,0
10,-4,-1.8333333333333333,120.99182791979341,0
10,-4,-0.16666666666666666,229.20853325169875,0
10,-4,0.16666666666666666,20.50758270412952,0
10,-4,1.8333333333333333,150.72037176476348,0
10,-4,2.1666666666666665,16.732073011868014,0
10,-4,3.8333333333333335,159.3380604033822,0
10,-4,4.166666666666667,32.07498894113014,0
10,-4,5.833333333333333,43.64393367434429,0
10,-4,6.166666666666667,67.51262197472323,0
10,-4,7.833333333333333,89.36440622527894,0
10,-4,8.166666666666666,19.2335890608961,0
10,-3,-9.166666666666666,148.12327810687742,0
10,-3,-8.833333333333334,59.139596322459084,0
10,-3,-7.166666666666667,161.54254647926285,0
10,-3,-6.833333333333333,24.635756109132345,0
10,-3,-3.1666666666666665,354.31518351335006,0
10,-3,-2.8333333333333335,213.8783197810676,0
10,-3,-1.1666666666666667,188.39396273319426,0
10,-3,-0.8333333333333334,1.2563752179890209,0
10,-3,0.8333333333333334,73.58581411341113,0
10,-3,1.1666666666666667,150.9708836349362,0
10,-3,2.8333333333333335,156.76093174735624,0
10,-3,3.1666666666666665,24.78100268140344,0
10,-3,4.833333333333333,214.43242026350342,0
10,-3,5.166666666666667,40.968436266832946,0
10,-3,6.833333333333333,105.60464404466758,0
10,-3,7.166666666666667,4.004703667204319,0
10,-2,-10.166666666666666,137.89898496548759,0
10,-2,-9.833333333333334,12.807780559417274,0
10,-2,-8.166666666666666,48.707596098897405,0
10,-2,-7.833333333333333,5.322083814880367e-11,0
10,-2,-6.166666666666667,240.1925409642805,0
10,-2,-5.833333333333333,61.698928901352936,0
10,-2,-4.166666666666667,477.2616894847544,0
10,-2,-3.8333333333333335,104.40510749038638,0
10,-2,-2.1666666666666665,159.57947675266834,0
10,-2,-1.8333333333333333,5.661741710770356,0
10,-2,-0.16666666666666666,374.9064429321437,0
10,-2,0.16666666666666666,338.87244493270924,0
10,-2,1.8333333333333333,158.09247845593887,0
10,-2,2.1666666666666665,19.626616557554353,0
10,-2,3.8333333333333335,125.09515727269672,0
10,-2,4.166666666666667,14.598682913463527,0
10,-1,-9.166666666666666,191.06713385852274,0
10,-1,-8.833333333333334,7.76446365621565,0
10,-1,-7.166666666666667,158.8529043326183,0
10,-1,-6.833333333333333,228.9083286134131,0
10,-1,-5.166666666666667,662.3627935659346,0
10,-1,-4.833333333333333,47.453964463637185,0
10,-1,-3.1666666666666665,522.8339967339516,0
10,-1,-2.8333333333333335,202.14071577467013,0
10,-1,-1.1666666666666667,471.29556886901935,0
10,-1,-0.8333333333333334,96.10786814051696,0
10,-1,0.8333333333333334,126.95342829282697,0
10,-1,1.1666666666666667,50.676016004576006,0
10,0,-10.166666666666666,142.84875706200367,0
10,0,-9.833333333333334,12.95192131216101,0
10,0,-8.166666666666666,157.0196743155266,0
10,0,-7.833333333333333,2.4357048368282888,0
10,0,-6.166666666666667,75.04002493973984,0
10,0,-5.833333333333333,6.18970422984447,0
10,0,-4.166666666666667,196.67742195347736,0
10,0,-3.8333333333333335,127.66629887213571,0
10,0,-0.16666666666666666,880.3615112396452,0
10,0,0.16666666666666666,147.3682095427889,0
10,0,5.833333333333333,19.203667617436004,0
10,0,6.166666666666667,13.720384646328661,0
10,0,7.833333333333333,62.20200445181734,0
10,0,8.166666666666666,8.2636905448891,0
10,0,9.833333333333334,23.694123747764067,0
10,0,10.166666666666666,1.2547728467510098,0
10,1,-9.166666666666666,126.56057176423592,0
10,1,-8.833333333333334,3.9464499828745154,0
10,1,-7.166666666666667,39.97961662522303,0
10,1,-6.833333333333333,6.4316022800118535,0
10,1,-5.166666666666667,124.60056802743885,0
10,1,-4.833333333333333,41.28529799331947,0
10,1,-3.1666666666666665,200.85835619437134,0
10,1,-2.8333333333333335,10.881911524235296,0
10,1,-1.1666666666666667,95.9519466835934,0
10,1,-0.8333333333333334,13.107718569346462,0
10,1,0.8333333333333334,52.18957405853751,0
10,1,1.1666666666666667,37.029118357609306,0
10,1,2.8333333333333335,93.62166712317507,0
10,1,3.1666666666666665,22.453334676435137,0
10,1,4.833333333333333,66.47220178020264,0
10,1,5.166666666666667,9.918353413268866,0
10,1,6.833333333333333,58.407682094632875,0
10,1,7.166666666666667,8.132063779438136,0
10,1,8.833333333333334,16.772003632306024,0
10,1,9.166666666666666,10.978208094648904,0
10,2,-10.166666666666666,70.98611113137683,0
10,2,-9.833333333333334,14.332577664969415,0
10,2,-8.166666666666666,164.97369544894136,0
10,2,-7.833333333333333,12.485642035672116,0
10,2,-6.166666666666667,41.09954877096708,0
10,2,-5.833333333333333,3.2509711368656493,0
10,2,-4.166666666666667,34.896967453819805,0
10,2,-3.8333333333333335,40.01371434944414,0
10,2,-2.1666666666666665,50.70698531098488,0
10,2,-1.8333333333333333,20.743989257027383,0
10,2,-0.16666666666666666,126.81062601905495,0
10,2,0.16666666666666666,51.456000184404246,0
10,2,1.8333333333333333,34.605765594053125,0
10,2,2.1666666666666665,11.30061368505366,0
10,2,3.8333333333333335,30.749054056557807,0
10,2,4.166666666666667,58.61687218274713,0
10,2,5.833333333333333,21.38002960209569,0
10,2,6.166666666666667,38.896731813330874,0
10,2,7.833333333333333,30.35162564320755,0
10,2,8.166666666666666,38.03683155232164,0
10,2,9.833333333333334,17.896194195406824,0
10,2,10.166666666666666,17.356359912672197,0
10,3,-9.166666666666666,63.460939971466644,0
10,3,-8.833333333333334,3.8638000106306083,0
10,3,-7.166666666666667,30.13580859095715,0
10,3,-6.833333333333333,9.253908157337841,0
10,3,-5.166666666666667,21.372122774687018,0
10,3,-4.833333333333333,1.1476704657323407,0
10,3,-3.1666666666666665,19.661345296386724,0
10,3,-2.8333333333333335,4.636246037532194,0
10,3,-1.1666666666666667,61.053291501958384,0
10,3,-0.8333333333333334,2.852728795319988,0
10,3,0.8333333333333334,44.04336795829462,0
10,3,1.1666666666666667,30.374369747017315,0
10,3,2.8333333333333335,25.966255174155833,0
10,3,3.1666666666666665,58.48315056753092,0
10,3,4.833333333333333,34.565646313981816,0
10,3,5.166666666666667,66.92108222178568,0
10,3,6.833333333333333,44.366253315968684,0
10,3,7.166666666666667,6.637233775303811,0
10,3,8.833333333333334,17.344468362628294,0
10,3,9.166666666666666,8.864283054232883,0
10,4,-10.166666666666666,40.305529938093315,0
10,4,-9.833333333333334,3.2726058152105906,0
10,4,-6.166666666666667,21.25224837518992,0
10,4,-5.833333333333333,1.3652317548662012,0
10,4,-4.166666666666667,11.638753956244507,0
10,4,-3.8333333333333335,19.97250416964506,0
10,4,-2.1666666666666665,8.54993728146432,0
10,4,-1.8333333333333333,14.343114319146334,0
10,4,-0.16666666666666666,48.212436961397756,0
10,4,0.16666666666666666,30.240198450748426,0
10,4,1.8333333333333333,37.714222646891756,0
10,4,2.1666666666666665,24.206498364929004,0
10,4,3.8333333333333335,44.92560816091942,0
10,4,4.166666666666667,11.322066166943761,0
10,4,5.833333333333333,20.984733416112956,0
10,4,6.166666666666667,10.860598968563785,0
10,4,7.833333333333333,53.68502244838858,0
10,4,8.166666666666666,19.196565457527267,0
10,4,9.833333333333334,27.306099808193895,0
10,4,10.166666666666666,10.473458256839642,0
